"tune_no"|"tune_name"|"tune_meter"|"alt_meter"|"tune_book"|"tune_author"|"file_name"|"note"|"tune_pk"
"413"|"Allendale"|"8.8.7.7."||"LFTB"|"Miss B. Joseph"|"413.mid"||"1"
"182"|"Anameno"|"6.5.11.6.5.11."||"LFTB"|"T. Collins"|"182g.mid"||"2"
"211"|"Ascalon"|"6.6.8.6.6.8."||"LFTB"|"German Melody"|"211.mid"||"3"
"183"|"Ashcombe"|"6.5.11.6.5.11."||"LFTB"|"R.A. Evershead"|"183g.mid"||"4"
"169"|"Blessed Hope"|"6.4.6.4."||"LFTB"|"American"|"169g.mid"||"5"
"420"|"Celeste"|"8.8.8.8."||"LFTB"|"Unknown"|"420g.mid"||"6"
"467"|"Christian's Goodnight"|"10.10.10.6."||"LFTB"|"Ira D. Sankey"|"467g.mid"||"7"
"421"|"Confianza"|"8.8.8.8."||"LFTB"|"C. Leflaive"|"421g.mid"||"8"
"164"|"Cypress"|"4.8.4.8.8."||"LFTB"|"Mrs. A.C. Stowell"|"164g.mid"||"9"
"422"|"David"|"8.8.8.8."||"LFTB"|"From Handel"|"422g.mid"||"10"
"172"|"Deboroah"|"6.4.6.4.6.4.6.4."||"LFTB"|"Miss D.A. Elderton"|"172g.mid"||"11"
"459"|"Draw Me Nearer"|"10.7.10.7. Chorus 11.7.11.7."||"LFTB"|"W.H. Doane"|"459g.mid"||"12"
"212"|"Drumduan"|"6.6.8.6.6.8."||"LFTB"|"Gordon Millar"|"212.mid"||"13"
"414"|"Evening Blessing"|"8.7.8.7."||"LFTB"|"G.C. Stebbins (1846-1945)"|"414.mid"||"14"
"465"|"Groomsport"|"10.10.10.2."||"LFTB"|"T. Collins"|"465g.mid"||"15"
"370"|"Ilford"|"8.7.8.7.8.7.7."||"LFTB"|"Anonymous"|"370g.mid"||"16"
"513"|"It is Well"|"11.8.11.9."||"LFTB"|"P.P. Bliss"|"513g.mid"||"17"
"424"|"Jubilee"|"8.8.8.8.4.4.6."||"LFTB"|"E. Carren"|"424g.mid"||"18"
"209"|"Leoni"|"6.6.8.4.6.6.8.4."||"LFTB"|"Hebrew Melody"|"208g.mid"||"19"
"166"|"Lilies"|"5.4.5.4.5.4.5.4."||"LFTB"|"C. Leflaive"|"166g.mid"||"20"
"162"|"Lord Jesus Come"|"4.6.8.8.4."||"LFTB"|"Unknown"|"162g.mid"||"21"
"371"|"Luther"|"8.7.8.7.8.7.7."||"LFTB"|"Martin Luther"|"371g.mid"||"22"
"281"|"Man of Sorrows"|"7.7.7.8."||"LFTB"|"P.P. Bliss"|"281g.mid"||"23"
"356"|"Maryfield"|"8.7.8.7.4.4.7. Iambic"||"LFTB"|"T. Collins"|"356.mid"||"24"
"185"|"Moscow"|"6.6.4.6.6.6.4."||"LFTB"|"F. Giardini"|"185g.mid"||"25"
"170"|"Nain"|"6.4.6.4."||"LFTB"|"Dr. Lowell Mason"|"170g.mid"||"26"
"171"|"Park Street"|"6.4.6.4."||"LFTB"|"J.H. Kilick"|"171g.mid"||"27"
"419"|"Perpetura"|"8.8.8.6."||"LFTB"|"C. Leflaive"|"419g.mid"||"28"
"400"|"Praise"|"8.8.4.8.8.4."||"LFTB"|"Miss S.M. Walker"|"400g.mid"||"29"
"210"|"Priory"|"6.6.8.4.6.6.8.4."||"LFTB"|"Unknown"|"210g.mid"||"30"
"165"|"Revelation"|"4.8.4.8.8."||"LFTB"|"Mrs. H.B. Cowie"|"165g.mid"||"31"
"458"|"Sandon"|"10.4.10.4.10.10."||"LFTB"|"C.H. Purday"|"458g.mid"||"32"
"423"|"Semper Fidelis"|"8.8.8.8."||"LFTB"|"C.T. Lambert"|"423g.mid"||"33"
"283"|"Shoshannim"|"7.7.8.7."||"LFTB"|"T. Collins"|"283g.mid"||"34"
"163"|"Sidcup"|"4.6.8.8.4."||"LFTB"|"C.T. Lambert"|"163g.mid"||"35"
"168"|"Stockholm"|"5.5.4.5.5.4."||"LFTB"|"E. Carren"|"168g.mid"||"36"
"464"|"Studley"|"10.10.4.10.10.4."||"LFTB"|"Mrs. D.L. Johnston"|"464g.mid"||"37"
"401"|"Swiss Tune"|"8.8.4.8.8.4."||"LFTB"|"Unknown"|"401g.mid"||"38"
"466"|"The Blessd Rest"|"10.10.10.2."||"LFTB"|"Sir Joseph Barnby"|"466g.mid"||"39"
"181"|"The Path Divine (Camacha)"|"6.4.6.4.6.6.6.4."||"LFTB"|"B. Mansell Ramsey"|"181g.mid"||"40"
"514"|"The Way of Peace"|"11.8.11.9."||"LFTB"|"P. Aven"|"514g.mid"||"41"
"167"|"Theodora"|"5.4.5.4.5.4.5.4."||"LFTB"|"A. Legge"|"167g.mid"||"42"
"282"|"Timberscombe"|"7.7.7.8."||"LFTB"|"F.C.P. Hart"|"282g.mid"||"43"
"184"|"Waiting Time"|"6.5.11.6.5.11."||"LFTB"|"C.T. Lambert"|"184g.mid"||"44"
"67"|"Abercorn"|"6.4.6.4.6.6.6.4."||"LFTBs"|"John Mason"|"67r.mid"||"45"
"78"|"Abi-ezer"|"6.6.6.6.6.6.6.6."||"LFTBs"|"Miss E.C. Shanks"|"78r.mid"||"46"
"97"|"Adelaide"|"7.6.7.6.7.6.7.6."||"LFTBs"|"Unknown"|"97r.mid"||"47"
"171"|"Adeney"|"8.7.8.7.4.7."||"LFTBs"|"John G. Deayton"|"171r.mid"||"48"
"285"|"Adoration"|"12.13.12.10."||"LFTBs"|"J.H. Righton"|"285r.mid"||"49"
"181"|"Adrian"|"8.7.8.7.8.7.8.7."||"LFTBs"|"Sir Robert P. Stewart"|"181r.mid"||"50"
"120"|"Agabus"|"7.7.7.7.8.8."||"LFTBs"|"Miss E.C. Shanks"|"120r.mid"||"51"
"140"|"Albercroft"|"8.6.8.6.8.8."||"LFTBs"|"A.L. Bloomfield"|"140r.mid"||"52"
"1"|"All Hail!"|"C.M."||"LFTBs"|"Mrs. J.H. Cuckney"|"1r.mid"||"53"
"61"|"All in All"|"6.4.6.4.6.4.6.4."||"LFTBs"|"Sir George C. Martin"|"61r.mid"||"54"
"219"|"Alpha"|"9.8.9.8."||"LFTBs"|"E. Carren"|"219r.mid"||"55"
"261"|"Alverstoke"|"11.10.11.10."||"LFTBs"|"Sir Joseph Barnby"|"261r.mid"||"56"
"180"|"Anastasis"|"8.7.8.7.7.7."|"8.7.8.7.4.4.7."|"LFTBs"|"E. Carren"|"180r.mid"||"57"
"98"|"Angel's Story"|"7.6.7.6.7.6.7.6."||"LFTBs"|"Dr. A.H. Mann"|"98r.mid"||"58"
"220"|"Annabelle"|"9.8.9.8."||"LFTBs"|"John B. Parker"|"220r.mid"||"59"
"262"|"Anticipation"|"11.10.11.10."||"LFTBs"|"Gordon Millar"|"262r.mid"||"60"
"278"|"Anticipation"|"11.11.11.11. Trochaic"||"LFTBs"|"D.A.J. Burling"|"278r.mid"||"61"
"2"|"Ardingley"|"C.M."||"LFTBs"|"M. Colley"|"2r.mid"||"62"
"26"|"Arizona"|"L.M."||"LFTBs"|"Dr. R.H. Earnshaw"|"26r.mid"||"63"
"206"|"Arnon"|"8.8.8.8.6."||"LFTBs"|"D.R.C. McCorkell"|"206r.mid"||"64"
"125"|"Arundel"|"8.5.8.3."||"LFTBs"|"K.D. Clarke"|"125r.mid"||"65"
"197"|"Ascending"|"8.8.6.8.8.6."||"LFTBs"|"Peter Blanche"|"197r.mid"||"66"
"3"|"Aser"|"C.M."||"LFTBs"|"A. Johannson"|"3r.mid"||"67"
"292"|"Asher"|"14.14.4.7.8."||"LFTBs"|"Miss E.C. Shanks"|"292r.mid"||"68"
"4"|"Auckland (Rest)"|"C.M."||"LFTBs"|"Bishop Handley Moule"|"4r.mid"||"69"
"80"|"Author of Life"|"6.6.6.6.8.8."||"LFTBs"|"Sir John Stainer"|"80r.mid"||"70"
"268"|"Avoca"|"11.10.11.10. Dactylic"||"LFTBs"|"F.H. Parkes"|"268r.mid"||"71"
"27"|"Bangor"|"L.M."||"LFTBs"|"R.E. Frizelle"|"27r.mid"||"72"
"141"|"Barnet"|"8.6.8.6.8.8."||"LFTBs"|"E.J. Judd"|"141r.mid"||"73"
"243"|"Barton"|"10.4.10.4.10.10."||"LFTBs"|"J.T. Lightwood"|"243r.mid"||"74"
"211"|"Basileos"|"8.8.8.8.8.8."||"LFTBs"|"E. Carren"|"211r.mid"||"75"
"81"|"Bath-Barah"|"6.6.6.6.8.8."||"LFTBs"|"Miss E.C. Shanks"|"81r.mid"||"76"
"221"|"Beechknowe"|"9.8.9.8."||"LFTBs"|"H. de la Haye Blackith"|"221r.mid"||"77"
"5"|"Belgrave"|"C.M."||"LFTBs"|"William Horsley"|"5r.mid"||"78"
"126"|"Berea"|"8.5.8.3."||"LFTBs"|"E. Carren"|"126r.mid"||"79"
"28"|"Beth-Aven"|"L.M."||"LFTBs"|"Miss E.C. Shanks"|"28r.mid"||"80"
"6"|"Bishopthorpe"|"C.M."||"LFTBs"|"Jeremiah Clark"|"6r.mid"||"81"
"151"|"Blackwood"|"8.7.8.7."||"LFTBs"|"Miss. E.C. Shanks"|"151r.mid"||"82"
"99"|"Blairgowrie"|"7.6.7.6.7.6.7.6."||"LFTBs"|"Dr. J.B. Dykes"|"99r.mid"||"83"
"21"|"Bodewan"|"C.M.D."||"LFTBs"|"A.G. Bagnall"|"21r.mid"||"84"
"248"|"Bradford"|"10.10.10.10."||"LFTBs"|"Michael Lewis (1963)"|"248r.mid"||"85"
"22"|"Broadmead"|"C.M.D."||"LFTBs"|"Eric Burgess"|"22r.mid"||"86"
"294"|"Broadwaters"|"14.14.14.14."||"LFTBs"|"F.H. Parkes"|"294r.mid"||"87"
"279"|"Brooksby"|"11.11.11.11. Trochaic"||"LFTBs"|"Gordon Millar"|"279r.mid"||"88"
"204"|"Brunton Street"|"8.8.8.8.4.4.6."||"LFTBs"|"Gordon Millar"|"204r.mid"||"89"
"192"|"Bude"|"8.7.8.7.8.7.8.7.7.7."||"LFTBs"|"K.D. Clarke"|"192r.mid"||"90"
"68"|"Builth"|"6.4.6.4.6.6.6.4."||"LFTBs"|"D. Jenkins"|"68r.mid"||"91"
"172"|"Caersalem"|"8.7.8.7.4.7."||"LFTBs"|"Robert Edwards"|"172r.mid"|"Repeat 5th line of each verse 3 times"|"92"
"170"|"Callum"|"8.7.8.7.4.4.7. Iambic"||"LFTBs"|"John F. Harvey (1954)"|"170r.mid"||"93"
"222"|"Camlet"|"9.8.9.8."||"LFTBs"|"R.A. Evershead"|"222r.mid"||"94"
"23"|"Cana"|"C.M.D."||"LFTBs"|"L.O. Emerson"|"23r.mid"||"95"
"134"|"Cathcart"|"8.6.8.4."||"LFTBs"|"Gordon Millar"|"134r.mid"||"96"
"142"|"Celebration"|"8.6.8.6.8.8."||"LFTBs"|"R.A. Evershead"|"142r.mid"||"97"
"29"|"Chasid"|"L.M."||"LFTBs"|"E. Carren"|"29r.mid"||"98"
"100"|"Chebar"|"7.6.7.6.7.6.7.6."||"LFTBs"|"Henry Smart"|"100r.mid"||"99"
"121"|"Cheshunt"|"7.7.7.7.8.8."||"LFTBs"|"R.A. Evershead"|"121r.mid"||"100"
"43"|"Cissbury"|"S.M."||"LFTBs"|"Miss A.E. Houseman"|"43r.mid"||"101"
"127"|"Clementswood"|"8.5.8.3."||"LFTBs"|"A.L. Bloomingfield"|"127r.mid"||"102"
"148"|"Cleveland"|"8.6.8.8.6.8.8."||"LFTBs"|"Miss. E.C. Shanks"|"148r.mid"||"103"
"82"|"Clifton Hampten"|"6.6.6.6.8.8."||"LFTBs"|"Miss La Thangue"|"82r.mid"||"104"
"101"|"Colwyn"|"7.6.7.6.7.6.7.6."||"LFTBs"|"Gordon Millar"|"101r.mid"||"105"
"62"|"Come"|"6.4.6.4.6.4.6.4."||"LFTBs"|"H.F. Morley"|"62r.mid"||"106"
"217"|"Comfort"|"8.8.11.8."||"LFTBs"|"John. F. Harvey"|"217r.mid"||"107"
"173"|"Concordia"|"8.7.8.7.4.7."||"LFTBs"|"Eric Burgess"|"173r.mid"|"Repeat 5th and 6th lines of each verse"|"108"
"263"|"Conisborough"|||"LFTBs"|"Wilfred Sanderson"|"263r.mid"||"109"
"249"|"Coniston"|"10.10.10.10."||"LFTBs"|"A.B. Skeffington (1928)"|"249r.mid"||"110"
"167"|"Covenant"|"8.7.8.7. Iambic"||"LFTBs"|"Gordon Millar"|"167r.mid"||"111"
"69"|"Cromer"|"6.4.6.4.6.6.6.4."||"LFTBs"|"R.A. Evershead"|"69r.mid"||"112"
"193"|"Crummock"|"8.7.8.7.8.7.8.7.7.7."||"LFTBs"|"Dr. Alan Clarke"|"193r.mid"||"113"
"63"|"Culzean"|"6.4.6.4.6.4.6.4."||"LFTBs"|"Gordon Millar"|"63r.mid"||"114"
"295"|"Dalmeny"|"14.14.14.14."||"LFTBs"|"R.A. Evershed (1953)"|"295r.mid"||"115"
"51"|"Damascus"|"S.M.D."||"LFTBs"|"E. Carren"|"51r.mid"||"116"
"244"|"Dartry"|"10.4.10.4.10.10."||"LFTBs"|"John Mason"|"244r.mid"||"117"
"276"|"Dawning"|"11.11.11.11."||"LFTBs"|"John F. Harvey"|"276r.mid"||"118"
"135"|"Dayspring"|"8.6.8.4."||"LFTBs"|"J.F. Taylor"|"135r.mid"||"119"
"250"|"Denton"|"10.10.10.10."||"LFTBs"|"T. Willey (1903)"|"250r.mid"||"120"
"223"|"Derry"|"9.8.9.8."||"LFTBs"|"Gordon Millar"|"223r.mid"||"121"
"128"|"Derwent"|"8.5.8.3."||"LFTBs"|"C.L. Naylor"|"128r.mid"|"Copyright.  By permission of the Methodist Youth Department."|"122"
"207"|"Dorea"|"8.8.8.8.6."||"LFTBs"|"E. Carren"|"207r.mid"||"123"
"275"|"Drumbathie"|"11.10.11.10.9.11."||"LFTBs"|"Gordon Millar"|"275r.mid"||"124"
"239"|"Dunure"|"9.9.6.6.6.4."||"LFTBs"|"Gordon Millar"|"239r.mid"||"125"
"30"|"Eastbourne"|"L.M."||"LFTBs"|"C.T. Lambers"|"30r.mid"||"126"
"31"|"Ecce Homo"|"L.M."||"LFTBs"|"E. Carren"|"31r.mid"||"127"
"218"|"Edinburgh"|"8.8.11.8."||"LFTBs"|"E.J. Judd"|"218r.mid"||"128"
"168"|"Edinor"|"8.7.8.7. Iambic"||"LFTBs"|"John F. Harvey"|"168r.mid"||"129"
"251"|"Eilden"|"10.10.10.10."||"LFTBs"|"Arthur Skrede"|"251r.mid"|"Harmonized by Klaus Otsby"|"130"
"54"|"El Elyon"|"4.8.4.8.8."||"LFTBs"|"Miss E.C. Shanks"|"54r.mid"||"131"
"269"|"Elaine"|"11.10.11.10. Dactylic"||"LFTBs"|"E.J. Judd"|"269r.mid"||"132"
"89"|"Elam"|"6.6.8.4."||"LFTBs"|"Miss E.C. Shanks"|"89r.mid"||"133"
"286"|"Eli"|"12.13.12.10."||"LFTBs"|"Miss E.C. Shanks"|"286r.mid"||"134"
"152"|"Entreaty"|"8.7.8.7."||"LFTBs"|"John F. Harvey"|"152r.mid"||"135"
"11"|"Ephesus"|"C.M."||"LFTBs"|"Unknown"|"11r.mid"||"136"
"224"|"Ercuis"|"9.8.9.8."||"LFTBs"|"John F. Harvey"|"224r.mid"||"137"
"264"|"Eternal Love"|"11.10.11.10."||"LFTBs"|"H. Earnest Nichol"|"264r.mid"||"138"
"225"|"Eternal, Immortal"|"9.8.9.8."||"LFTBs"|"E. Carren"|"225r.mid"||"139"
"70"|"Eternity"|"6.4.6.4.6.6.6.4."||"LFTBs"|"John F. Harvey"|"70r.mid"||"140"
"182"|"Eucharistica"|"8.7.8.7.8.7.8.7."||"LFTBs"|"J.W. Elliott"|"182r.mid"||"141"
"144"|"Extolment"|"8.6.8.6.8.8."||"LFTBs"|"W.R. Mason"|"144r.mid"||"142"
"208"|"Farne"|"8.8.8.8.6."||"LFTBs"|"Dr. J.B. Dykes"|"208r.mid"||"143"
"183"|"Father, Now in Adoration"|"8.7.8.7.8.7.8.7."||"LFTBs"|"Douglas T. Holding"|"183r.mid"||"144"
"145"|"Featherstone"|"8.6.8.6.8.8."||"LFTBs"|"F.S. Pope"|"145r.mid"||"145"
"177"|"Firstborn"|"8.7.8.7.7.7."||"LFTBs"|"Daniel F. Dupont"|"177r.mid"||"146"
"24"|"Flowing Stream"|"C.M.D."||"LFTBs"|"Unknown"|"24r.mid"||"147"
"184"|"Footprints"|"8.7.8.7.8.7.8.7."||"LFTBs"|"Miss. A.E. Housman"|"184r.mid"||"148"
"130"|"Forest Hill"|"8.5.8.5."||"LFTBs"|"P.S. Pope"|"130r.mid"||"149"
"252"|"Foyle"|"10.10.10.10."||"LFTBs"|"John Mason (1936)"|"252r.mid"||"150"
"270"|"Framlingham"|"11.10.11.10. Dactylic"||"LFTBs"|"Miss Grace D. Wightman"|"270r.mid"||"151"
"71"|"Frankincense"|"6.4.6.4.6.6.6.4."||"LFTBs"|"P.S. Pope"|"71r.mid"||"152"
"102"|"Gerizim"|"7.6.7.6.7.6.7.6."||"LFTBs"|"Miss E.C. Shanks"|"102r.mid"||"153"
"32"|"German Tunes (1952) No. 135"|"L.M."||"LFTBs"|"Unknown"|"32r.mid"||"154"
"33"|"German Tunes (1952) No. 143"|"L.M."||"LFTBs"|"Unknown"|"33r.mid"||"155"
"212"|"German Tunes (1952) No.148"|"8.8.8.8.8.8."||"LFTBs"|"R. Arras"|"212r.mid"||"156"
"265"|"German Tunes (1952) No.219"|"11.10.11.10."||"LFTBs"|"R. Arras"|"265r.mid"||"157"
"266"|"German Tunes (1952) No.222"|"11.10.11.10."||"LFTBs"|"Unknown"|"266r.mid"||"158"
"103"|"German Tunes (1952) No.37"|"7.6.7.6.7.6.7.6."||"LFTBs"|"J. Michael Haydn"|"103r.mid"||"159"
"104"|"German Tunes (1952) No.38"|"7.6.7.6.7.6.7.6."||"LFTBs"|"Unknown"|"104r.mid"||"160"
"105"|"German Tunes (1952) No.41"|"7.6.7.6.7.6.7.6."||"LFTBs"|"Unknown"|"105r.mid"||"161"
"116"|"German Tunes (1952) No.46"|"7.7.7.7.7.7."||"LFTBs"|"Wilh. Moritz Vogel"|"116r.mid"||"162"
"199"|"Gihon"|"8.8.7.7."||"LFTBs"|"Miss E.C. Shanks (1964)"|"199r.mid"||"163"
"131"|"Gittit"|"8.5.8.5.8.5.8.5."||"LFTBs"|"E. Carren"|"131r.mid"||"164"
"287"|"Gloria"|"12.13.12.10."||"LFTBs"|"P.S. Pope"|"287r.mid"||"165"
"112"|"Glorious"|"7.7.7.7."||"LFTBs"|"E. Carren"|"112r.mid"||"166"
"124"|"Goodrest"|"8.4.8.4.8.8.8.4."||"LFTBs"|"C.E. Kettle"|"124r.mid"||"167"
"83"|"Gopsal"|"6.6.6.6.8.8."||"LFTBs"|"Georg Friedrich Handel"|"83r.mid"||"168"
"200"|"Granville"|"8.8.7.7."||"LFTBs"|"R.A. Evershed (1941)"|"200r.mid"||"169"
"293"|"Grenville"|"14.14.4.7.8."||"LFTBs"|"Gordon Millar (1961)"|"293r.mid"||"170"
"185"|"Gwilym"|"8.7.8.7.8.7.8.7."||"LFTBs"|"Dr. Caradog Roberts"|"185r.mid"|"Copyright.  By permission of the Union of Welsh Independents"|"171"
"44"|"Hadley"|"S.M."||"LFTBs"|"R.A. Evershead"|"44r.mid"||"172"
"288"|"Happy Song"|"12.13.12.10."||"LFTBs"|"Miss E.C. Shanks"|"288r.mid"||"173"
"34"|"Harbour Head"|"L.M."||"LFTBs"|"Simon Flett"|"34r.mid"||"174"
"72"|"Haverstock Hill"|"6.4.6.4.6.6.6.4."||"LFTBs"|"T.E. Perkins"|"72r.mid"||"175"
"277"|"Hiding in Thee"|"11.11.11.11."||"LFTBs"|"Ira D. Sankey"|"277r.mid"||"176"
"136"|"Holy Cross"|"8.6.8.4."||"LFTBs"|"A.H. Brown"|"136r.mid"||"177"
"271"|"I Am Praying For You"|"11.10.11.10. Dactylic"||"LFTBs"|"Ira D. Sankey"|"271r.mid"||"178"
"25"|"I Came a Wanderer"|"C.M.D."||"LFTBs"|"Ira D. Sankey"|"25r.mid"||"179"
"186"|"In Memoriam"|"8.7.8.7.8.7.8.7."||"LFTBs"|"Dr. Caradog Roberts"|"186r.mid"|"Copyright. By permission of the Unioin of Welsh Independents"|"180"
"201"|"In the Midst"|"8.8.7.7."||"LFTBs"|"W.P."|"201r.mid"||"181"
"60"|"Inscrutable"|"5.5.4.5.5.4."||"LFTBs"|"E. Carren"|"60r.mid"||"182"
"106"|"Jedidja"|"7.6.7.6.7.6.7.6."||"LFTBs"|"E. Carren"|"106r.mid"||"183"
"45"|"Jedutun"|"S.M."||"LFTBs"|"E. Carren"|"45r.mid"||"184"
"15"|"Jerusalem"|"C.M."||"LFTBs"|"T.W. Staniforth"|"15r.mid"||"185"
"187"|"Jewish Melody"|"8.7.8.7.8.7.8.7."||"LFTBs"|"Unknown"|"187r.mid"||"186"
"113"|"John"|"7.7.7.7."||"LFTBs"|"D.G. Spary"|"113r.mid"||"187"
"205"|"Joyful Sound"|"8.8.8.8.4.4.6."||"LFTBs"|"Royston Lewis"|"205r.mid"||"188"
"84"|"Jubilee"|"6.6.6.6.8.8."||"LFTBs"|"Walter R.F. Hope"|"84r.mid"||"189"
"41"|"Julian"|"L.M.D."||"LFTBs"|"F.C. Maker"|"41r.mid"||"190"
"178"|"Jura"|"8.7.8.7.7.7."||"LFTBs"|"S.J. Vail"|"178r.mid"|"Repeat last line of each verse"|"191"
"107"|"Kelvin"|"7.6.7.6.7.6.7.6."||"LFTBs"|"Gordon Millar"|"107r.mid"||"192"
"114"|"Kenaz"|"7.7.7.7."||"LFTBs"|"Miss E.C. Shanks"|"114r.mid"||"193"
"179"|"Keturah"|"8.7.8.7.7.7."||"LFTBs"|"Miss A.H. Lee"|"179r.mid"||"194"
"226"|"Kingsthorpe"|"9.8.9.8."||"LFTBs"|"Eric Burgess"|"226r.mid"||"195"
"35"|"Lasus"|"L.M."||"LFTBs"|"Dr. A.H. Mann"|"35r.mid"||"196"
"174"|"Lavrock"|"8.7.8.7.4.7."||"LFTBs"|"Walter R.F. Hope"|"174r.mid"|"Repeat 5th line of each verse"|"197"
"75"|"Light"|"6.6.4.6.6.6.4."||"LFTBs"|"H. Ford Benson"|"75r.mid"||"198"
"64"|"Linnwood"|"6.4.6.4.6.4.6.4."||"LFTBs"|"Alastair Millar"|"64r.mid"||"199"
"46"|"Little Langdale"|"S.M."||"LFTBs"|"D. Alan Clarke (1962)"|"46r.mid"||"200"
"36"|"Llef"|"L.M."||"LFTBs"|"Griffiths H. Jones"|"36r.mid"||"201"
"234"|"Logos"|"9.8.9.8.9.8.9.8."||"LFTBs"|"E. Carren"|"234r.mid"||"202"
"259"|"Love's Appeal"|"10.10.10.10. Dactylic"||"LFTBs"|"Gordon Millar (1952)"|"259r.mid"||"203"
"246"|"Love's Return"|"10.10.4.10.10.4."||"LFTBs"|"P.S. Pope"|"246r.mid"||"204"
"96"|"Magdalena"|"7.6.7.6."||"LFTBs"|"German Melody"|"96r.mid"||"205"
"235"|"Mansewood"|"9.8.9.8.9.8.9.8."||"LFTBs"|"Gordon Millar"|"235r.mid"||"206"
"289"|"Marion"|"12.13.12.10."||"LFTBs"|"E.J. Judd"|"289r.mid"||"207"
"253"|"Marston"|"10.10.10.10."||"LFTBs"|"Mrs. A.L. Bloomfield"|"253r.mid"||"208"
"153"|"Maschil"|"8.7.8.7."||"LFTBs"|"E. Carren"|"153r.mid"||"209"
"85"|"Maze Hill"|"6.6.6.6.8.8."||"LFTBs"|"Charles Nixon"|"85r.mid"||"210"
"37"|"Meira"|"L.M."||"LFTBs"|"Miss A.H. Lee"|"37r.mid"||"211"
"111"|"Memucan"|"7.6.7.6.8.8."||"LFTBs"|"Miss E.C. Shanks"|"111r.mid"||"212"
"163"|"Meredith"|"8.7.8.7. Dactylic"||"LFTBs"|"Mrs. C.T. McCorkell"|"163r.mid"||"213"
"202"|"Misericordia"|"8.8.8.6."||"LFTBs"|"Henry Smart"|"202r.mid"||"214"
"283"|"Mithcah"|"12.11.12.11."|"6.6.6.5.6.6.6.5."|"LFTBs"|"Miss A.H. Lee"|"283r.mid"||"215"
"175"|"Modena"|"8.7.8.7.4.7."||"LFTBs"|"J.V. Roberts"|"175r.mid"|"Repeat 5th line of each verse"|"216"
"146"|"Monica"|"8.6.8.6.8.8."||"LFTBs"|"N. Whitbouro"|"146r.mid"||"217"
"176"|"Monifieth"|"8.7.8.7.4.7."||"LFTBs"|"Gordon Millar"|"176r.mid"|"Repeat 5th line of each verse"|"218"
"254"|"Morning Star"|"10.10.10.10."||"LFTBs"|"C. Leflaive"|"254r.mid"||"219"
"118"|"Mourne"|"7.7.7.7.7.7."||"LFTBs"|"Gordon Millar"|"118r.mid"||"220"
"169"|"My Willing People"|"8.7.8.7. Iambic"||"LFTBs"|"Miss Norah Nilsson"|"169r.mid"||"221"
"154"|"Norfolk"|"8.7.8.7."||"LFTBs"|"K.D. Clarke"|"154r.mid"||"222"
"280"|"Norfolk Park"|"11.11.11.11. Trochaic"||"LFTBs"|"Henry Coward"|"280r.mid"||"223"
"213"|"Nymphe"|"8.8.8.8.8.8."||"LFTBs"|"E. Carren"|"213r.mid"||"224"
"149"|"O Solemn Hour!"|"8.6.8.8.6.8.8."||"LFTBs"|"E. Carren"|"149r.mid"||"225"
"194"|"O the Love!"|"8.7.8.7.8.7.8.7.7.7."||"LFTBs"|"E. Carren"|"194r.mid"||"226"
"65"|"Oakleigh"|"6.4.6.4.6.4.6.4."||"LFTBs"|"R.A. Evershead"|"65r.mid"||"227"
"227"|"Omega"|"9.8.9.8."||"LFTBs"|"E. Carren"|"227r.mid"||"228"
"55"|"Omnipotent"|"4.8.4.8.8."||"LFTBs"|"D. Alan Clarke (1962)"|"55r.mid"||"229"
"267"|"Only a Touch"|"11.10.11.10."||"LFTBs"|"C. Leflaive"|"267r.mid"||"230"
"188"|"Only Waiting"|"8.7.8.7.8.7.8.7."||"LFTBs"|"Ira D. Sankey"|"188r.mid"||"231"
"296"|"Ootha"|"14.14.14.14."||"LFTBs"|"John F. Harvey"|"296r.mid"||"232"
"214"|"Our Leader"|"8.8.8.8.8.8."||"LFTBs"|"Jacob Hoff"|"214r.mid"||"233"
"155"|"Oxford"|"8.7.8.7."||"LFTBs"|"Mrs. Daphne M. Morren"|"155r.mid"||"234"
"76"|"Paignton"|"6.6.4.6.6.6.4."||"LFTBs"|"A.B. Skeffington"|"76r.mid"||"235"
"284"|"Parclete"|"12.11.12.11."|"6.6.6.5.6.6.6.5."|"LFTBs"|"E. Carren"|"284r.mid"||"236"
"236"|"Park Langley"|"9.8.9.8.9.8.9.8."||"LFTBs"|"Rev. E.H. Gladstone Sargent"|"236r.mid"||"237"
"47"|"Patience"|"S.M."||"LFTBs"|"Miss F.R. Jones"|"47r.mid"||"238"
"228"|"Peace Eternal"|"9.8.9.8."||"LFTBs"|"R. Arras"|"228r.mid"|"German Tunes (1952) No. 163"|"239"
"255"|"Peel Castle"|"10.10.10.10."||"LFTBs"|"Unknown"|"255r.mid"||"240"
"77"|"Pekah"|"6.6.6.5.6.6.6.5."||"LFTBs"|"Miss E.C. Shanks"|"77r.mid"||"241"
"42"|"Philologus"|"L.M.D."||"LFTBs"|"Miss E.C. Shanks"|"42r.mid"||"242"
"16"|"Plumstead"|"C.M."||"LFTBs"|"E.J. Judd"|"16r.mid"||"243"
"198"|"Portnockie"|"8.8.6.8.8.6."||"LFTBs"|"Unknown"|"198r.mid"||"244"
"115"|"Praise"|"7.7.7.7."||"LFTBs"|"Miss A.H. Lee"|"115r.mid"||"245"
"56"|"Prenton"|"4.8.4.8.8."||"LFTBs"|"F.H. Parkes"|"56r.mid"||"246"
"189"|"Quartus"|"8.7.8.7.8.7.8.7."||"LFTBs"|"D.A.J. Burling"|"189r.mid"||"247"
"17"|"Quo Vadis"|"C.M."||"LFTBs"|"E. Carren"|"17r.mid"||"248"
"281"|"Rachie"|"11.11.11.11. Trochaic"||"LFTBs"|"Dr. Caradog Roberts"|"281r.mid"||"249"
"245"|"Radlett"|"10.4.10.4.10.10."||"LFTBs"|"T.L. Edwards"|"245r.mid"||"250"
"156"|"Rapture"|"8.7.8.7."||"LFTBs"|"Peter Blanche"|"156r.mid"||"251"
"190"|"Reapers"|"8.7.8.7.8.7.8.7."||"LFTBs"|"J.B.O. Clemm"|"190r.mid"||"252"
"108"|"Refulgence"|"7.6.7.6.7.6.7.6."||"LFTBs"|"D.A.J. Burling"|"108r.mid"||"253"
"18"|"Regina"|"C.M."||"LFTBs"|"A.H. McNie"|"18r.mid"||"254"
"229"|"Rejoicing"|"9.8.9.8."||"LFTBs"|"Mrs. H.B. Burr"|"229r.mid"||"255"
"230"|"Response"|"9.8.9.8."||"LFTBs"|"C. Jarres"|"230r.mid"||"256"
"157"|"Resurrection"|"8.7.8.7."|"8.8.7.7."|"LFTBs"|"Mrs. D.L. Johnston"|"157r.mid"||"257"
"38"|"Retreat"|"L.M."||"LFTBs"|"Dr. Thomas Hastings"|"38r.mid"||"258"
"52"|"Revival"|"S.M.D."||"LFTBs"|"W.H. Doane"|"52r.mid"||"259"
"158"|"Riposo"|"8.7.8.7."||"LFTBs"|"C. Leflaive"|"158r.mid"||"260"
"159"|"Rivermede"|"8.7.8.7."||"LFTBs"|"Miss A.H. Lee"|"159r.mid"||"261"
"119"|"Rock of Ages"|"7.7.7.7.7.7."||"LFTBs"|"Peter Blanche"|"119r.mid"||"262"
"137"|"Rothley"|"8.6.8.4."||"LFTBs"|"Sir John Goss"|"137r.mid"||"263"
"109"|"Rotterdam"|"7.6.7.6.7.6.7.6."||"LFTBs"|"B. Tours"|"109r.mid"||"264"
"209"|"Rozel"|"8.8.8.8.6."||"LFTBs"|"David H. Bance"|"209r.mid"||"265"
"237"|"Russian Air"|"9.8.9.8.9.8.9.8."||"LFTBs"|"Unknown"|"237r.mid"||"266"
"215"|"Ruth"|"8.8.8.8.8.8."||"LFTBs"|"C. Leflaive"|"215r.mid"||"267"
"160"|"Saffron Walden"|"8.7.8.7."||"LFTBs"|"Dr. Herbert Mahon"|"160r.mid"|"Copyright.  By permission of Mrs. Jacinth Morton"|"268"
"203"|"Saffron Walden"|"8.8.8.6."||"LFTBs"|"A.H. Brown"|"203r.mid"||"269"
"282"|"Salva Festa Dies"|"11.11.11.11. Trochaic"||"LFTBs"|"Sir Joseph Barnby"|"282r.mid"||"270"
"272"|"Salvator"|"11.10.11.10. Dactylic"||"LFTBs"|"E. Carren"|"272r.mid"||"271"
"165"|"Saviour of Sinners"|"8.7.8.7. Dactylic Chorus 5.7.8.7."||"LFTBs"|"Gordon Millar"|"165r.mid"||"272"
"240"|"Scotstoun"|"9.9.6.6.6.4."||"LFTBs"|"John. F. Harvey"|"240r.mid"||"273"
"49"|"Serenity"|"S.M."||"LFTBs"|"C. Bryan"|"49r.mid"||"274"
"231"|"Shamgar"|"9.8.9.8."||"LFTBs"|"Miss. E.C. Shanks"|"231r.mid"||"275"
"74"|"Shannon"|"6.5.11.6.5.11."|"11.11.11.11."|"LFTBs"|"P.S. Pope"|"74r.mid"||"276"
"256"|"Silla"|"10.10.10.10."||"LFTBs"|"Paul Gerard"|"256r.mid"||"277"
"39"|"Silver Hill"|"L.M."||"LFTBs"|"F.C. Maker"|"39r.mid"|"Copyright.  By permission of Geo. Taylor, The Cross Printing Works, Stainland"|"278"
"260"|"Slane"|"10.10.10.10. Dactylic"||"LFTBs"|"Irish Folk Melody"|"260r.mid"|"Harmonized by L.L. Dix"|"279"
"123"|"Southampton"|"7.7.8.7.7.7.8.7."||"LFTBs"|"A.B. Skeffington"|"123r.mid"||"280"
"95"|"Sovereignty"|"6.6.8.6.6.8."||"LFTBs"|"A.W. Michael Rooke"|"95r.mid"||"281"
"232"|"Spanish Air"|"9.8.9.8."||"LFTBs"|"Unknown"|"232r.mid"||"282"
"257"|"Speak to Me, Lord"|"10.10.10.10."||"LFTBs"|"W.H. Jude"|"257r.mid"||"283"
"57"|"Splendor"|"4.8.4.8.8."||"LFTBs"|"Peter Blanche"|"57r.mid"||"284"
"210"|"Springing Fountain"|"8.8.8.8.6."||"LFTBs"|"A.W. Michael Rooke"|"210r.mid"||"285"
"164"|"Springing Well"|"8.7.8.7. Dactylic"||"LFTBs"|"Gordon Millar"|"164r.mid"||"286"
"19"|"St. Alban"|"C.M."||"LFTBs"|"Unknown"|"19r.mid"||"287"
"161"|"St. Catherine"|"8.7.8.7."||"LFTBs"|"S. Flood Jones"|"161r.mid"||"288"
"94"|"St. Ives"|"6.6.8.6.6.8."||"LFTBs"|"C. Green"|"94r.mid"||"289"
"86"|"St. John"|"6.6.6.6.8.8."||"LFTBs"|"J. Baptiste Calkin"|"86r.mid"||"290"
"48"|"St. Paul's"|"S.M."||"LFTBs"|"Sir John Stainer"|"48r.mid"||"291"
"297"|"Star of Bethlehem"|"14.14.14.14."||"LFTBs"|"Miss E.C. Shanks"|"297r.mid"||"292"
"238"|"Stuartholme"|"9.8.9.8.9.8.9.8."||"LFTBs"|"C.T. McCorkell"|"238r.mid"||"293"
"79"|"Subjection"|"6.6.6.6.6.6.6.6."||"LFTBs"|"F.H. Parkes"|"79r.mid"||"294"
"58"|"Summit"|"4.8.4.8.8."||"LFTBs"|"Gordon Millar"|"58r.mid"||"295"
"20"|"Supreme"|"C.M."||"LFTBs"|"Miss F.R. Jones"|"20r.mid"||"296"
"242"|"Sydney"|"9.9.9.9."||"LFTBs"|"E.J. Judd"|"242r.mid"||"297"
"166"|"Taanach"|"8.7.8.7. Dactylic Chorus 5.7.8.7."||"LFTBs"|"Miss E.C. Shanks"|"166r.mid"||"298"
"66"|"Tempestas"|"6.4.6.4.6.4.6.4."||"LFTBs"|"Thomas Langton"|"66r.mid"||"299"
"290"|"Tence"|"12.13.12.10."||"LFTBs"|"John F. Harvey"|"290r.mid"||"300"
"191"|"The Hebrew Bondman"|"8.7.8.7.8.7.8.7. Iambic"||"LFTBs"|"P.P. Bliss"|"191r.mid"||"301"
"132"|"The Pleading Voice"|"8.5.8.5.8.5.8.5."||"LFTBs"|"Mrs. Clara H. Scott"|"132r.mid"||"302"
"150"|"The Saviour's Praise"|"8.7.8.5."||"LFTBs"|"J.R."|"150r.mid"||"303"
"147"|"Then Shall My Heart Keep Singing"|"8.6.8.6.8.8."||"LFTBs"|"W.A. Ogden"|"147r.mid"||"304"
"241"|"Thomas"|"9.9.6.6.6.4."||"LFTBs"|"E. Carren"|"241r.mid"||"305"
"195"|"Tiphsah"|"8.7.8.7.8.7.8.7.7.7."||"LFTBs"|"Miss E.C. Shanks"|"195r.mid"||"306"
"233"|"Tola"|"9.8.9.8."||"LFTBs"|"Miss E.C. Shanks"|"233r.mid"||"307"
"87"|"Torquay"|"6.6.6.6.8.8."||"LFTBs"|"A.B. Skeffington (1928)"|"87r.mid"||"308"
"291"|"Totteridge"|"12.13.12.10."||"LFTBs"|"R.A. Evershead"|"291r.mid"||"309"
"40"|"Trenwood"|"L.M."||"LFTBs"|"D.J. Sims"|"40r.mid"||"310"
"88"|"Triumph"|"6.6.6.6.8.8."||"LFTBs"|"Walter R.F. Hope"|"88r.mid"||"311"
"73"|"Tryst"|"6.4.6.4.6.6.6.4."||"LFTBs"|"W.H. Doane"|"73r.mid"||"312"
"50"|"Upward"|"S.M."||"LFTBs"|"Mrs. J.A. Lambert"|"50r.mid"||"313"
"258"|"Valencia"|"10.10.10.10."||"LFTBs"|"Mrs. R.A. Arnot"|"258r.mid"||"314"
"216"|"Valete"|"8.8.8.8.8.8."||"LFTBs"|"Sir Arthur S. Sullivan"|"216r.mid"||"315"
"247"|"Vater Der Herrlichkeit"|"10.10.4.10.10.4."||"LFTBs"|"Unknown"|"247r.mid"|"German Tunes (1952) No. 197"|"316"
"90"|"Verbum Pacis (Lomas)"|"6.6.8.4."||"LFTBs"|"George Lomas"|"90r.mid"||"317"
"91"|"Verbum Pacis (Monk)"|"6.6.8.4."||"LFTBs"|"Dr. W.H. Monk"|"91r.mid"||"318"
"273"|"Vida Immortal"|"11.10.11.10. Dactylic"||"LFTBs"|"Spanish Tune"|"273r.mid"||"319"
"110"|"Whetstone"|"7.6.7.6.7.6.7.6."||"LFTBs"|"John F. Harvey"|"110r.mid"||"320"
"59"|"Willoughby"|"4.8.4.8.8."||"LFTBs"|"Michael Lewis (1963)"|"59r.mid"||"321"
"133"|"Winchester"|"8.5.8.5.8.5.8.5."||"LFTBs"|"Miss E.C. Shanks"|"133r.mid"||"322"
"162"|"Winifred"|"8.7.8.7."||"LFTBs"|"Unknown"|"162r.mid"||"323"
"92"|"Winter Solstice"|"6.6.8.4."||"LFTBs"|"Charles Vincent"|"92r.mid"||"324"
"53"|"Woldingham"|"S.M.D."||"LFTBs"|"Michael Lewis (1963)"|"53r.mid"||"325"
"196"|"Wonderous Story"|"8.7.8.7.8.7.8.7.7.7."||"LFTBs"|"Gordon Millar"|"196r.mid"||"326"
"139"|"Woodbank"|"8.6.8.6.8.6."||"LFTBs"|"Gordon Millar"|"139r.mid"||"327"
"138"|"Wreford"|"8.6.8.4."||"LFTBs"|"Rev. E.S. Carter"|"138r.mid"||"328"
"129"|"Wyken"|"8.5.8.3."||"LFTBs"|"Gordon Millar"|"129r.mid"||"329"
"274"|"Zacher"|"11.10.11.10. Dactylic"||"LFTBs"|"Miss A.H. Lee"|"274r.mid"||"330"
"3"|"Arlington"|"C.M."||"LFTB"|"Dr. T. Arne"|"3g.mid"||"331"
"4"|"Arnold"|"C.M."||"LFTB"|"Dr. S. Arnold"|"4g.mid"||"332"
"6"|"Ballerma"|"C.M."||"LFTB"|"R. Simpson"|"6g.mid"||"333"
"47"|"Oldham Street (Trinity)"|"C.M."||"LFTB"|"Howgate"|"47g.mid"||"334"
"48"|"Orlington"|"C.M."||"LFTB"|"J. Campbell"|"48g.mid"||"335"
"50"|"Remember Me"|"C.M."||"LFTB"|"Asa Hull"|"50g.mid"||"336"
"72"|"The Cross"|"C.M."||"LFTB"|"From Mendelssohn"|"72g.mid"||"337"
"73"|"Tiverton"|"C.M."||"LFTB"|"J. Grigg"|"73g.mid"||"338"
"74"|"Tottenham"|"C.M."||"LFTB"|"T. Greatorex"|"74g.mid"||"339"
"81"|"Lux Mundi"|"C.M.D."||"LFTB"|"C. Leflaive"|"81g.mid"||"340"
"89"|"Alfriston"|"L.M."||"LFTB"|"C.T. Lambert"|"89g.mid"||"341"
"90"|"Alstone"|"L.M."||"LFTB"|"C.E. Willing"|"90g.mid"||"342"
"91"|"Angelus"|"L.M."||"LFTB"|"G. Joseph"|"91g.mid"||"343"
"94"|"Brookfield"|"L.M."||"LFTB"|"T.B. Southgate"|"94g.mid"||"344"
"95"|"Carey's"|"L.M."||"LFTB"|"Henry Carey"|"95g.mid"||"345"
"96"|"Deep Harmony"|"L.M."||"LFTB"|"Handel Parker"|"96g.mid"||"346"
"97"|"Duke Street"|"L.M."||"LFTB"|"John Hatton"|"97g.mid"||"347"
"100"|"Eden"|"L.M."||"LFTB"|"Dr. Lowell Mason"|"100g.mid"||"348"
"101"|"Gethsemene"|"L.M."||"LFTB"|"W.B. Bradbury"|"101g.mid"||"349"
"103"|"Heimath"|"L.M."||"LFTB"|"C. Leflaive"|"103g.mid"||"350"
"104"|"Holley"|"L.M."||"LFTB"|"G. Hews"|"104g.mid"||"351"
"113"|"Pentecost"|"L.M."||"LFTB"|"W. Boyd"|"113g.mid"||"352"
"115"|"Rimington"|"L.M."||"LFTB"|"F. Duckworth"|"115g.mid"||"353"
"116"|"Rockingham"|"L.M."||"LFTB"|"Dr. Edward Miller"|"116g.mid"||"354"
"117"|"St. Clement"|"L.M."||"LFTB"|"C.C. Scholefield"|"117g.mid"||"355"
"154"|"Swabia"|"S.M."||"LFTB"|"From 'Spiess's Gesangbuch'"|"154g.mid"||"356"
"155"|"Trentham"|"S.M."||"LFTB"|"R. Jackson"|"155g.mid"||"357"
"157"|"Venice"|"S.M."||"LFTB"|"W. Amps"|"157g.mid"||"358"
"176"|"Bethany"|"6.4.6.4.6.6.6.4."||"LFTB"|"Dr. Lowell Mason"|"176g.mid"||"359"
"178"|"Lowry"|"6.4.6.4.6.6.6.4."||"LFTB"|"R. Lowry"|"178g.mid"||"360"
"197"|"Fairford"|"6.6.6.6.8.8."||"LFTB"|"Unknown"|"197g.mid"|"Repeat last line of each verse"|"361"
"200"|"Mighty One"|"6.6.6.6.8.8."||"LFTB"|"G. F. Root"|"200g.mid"||"362"
"215"|"Elberfield"|"7.6.7.6."||"LFTB"|"German Melody"|"215g.mid"||"363"
"216"|"Fountain Street"|"7.6.7.6."||"LFTB"|"C.T. Lambert"|"216g.mid"||"364"
"217"|"Kocher"|"7.6.7.6."||"LFTB"|"J.H. Knecht"|"217g.mid"||"365"
"226"|"Rutherford"|"7.6.7.6.7.6.7.5."||"LFTB"|"Chretien D'Urhan"|"226g.mid"||"366"
"231"|"Aurelia"|"7.6.7.6.7.6.7.6."||"LFTB"|"Dr. S.S. Wesley"|"231g.mid"||"367"
"242"|"Friend Unfailing"|"7.6.7.6.7.6.7.6."||"LFTB"|"From Beethoven"|"242g.mid"||"368"
"245"|"Greenland"|"7.6.7.6.7.6.7.6."||"LFTB"|"J.M. Haydn"|"245g.mid"||"369"
"246"|"Holmbridge"|"7.6.7.6.7.6.7.6."||"LFTB"|"J.T. Lightwood"|"246g.mid"||"370"
"265"|"Brandenburg"|"7.7.7.7."||"LFTB"|"German Melody"|"265g.mid"||"371"
"266"|"Buckland"|"7.7.7.7."||"LFTB"|"Dr. L.G. Hayne"|"266g.mid"||"372"
"275"|"Redhead No. 76"|"7.7.7.7.7.7."||"LFTB"|"Richard Redhead"|"275g.mid"||"373"
"268"|"Hart's"|"7.7.7.7."||"LFTB"|"B. Milgrove"|"268g.mid"||"374"
"273"|"Theodora"|"7.7.7.7."||"LFTB"|"From Handel"|"273g.mid"||"375"
"280"|"Wells"|"7.7.7.7.8.8."||"LFTB"|"D. Bortnianski"|"280g.mid"||"376"
"305"|"Baden"|"8.6.8.6.8.8."||"LFTB"|"From Spohr"|"305g.mid"||"377"
"310"|"Waltham"|"8.6.8.6.8.8."||"LFTB"|"T. Willey"|"310g.mid"||"378"
"311"|"Crucifixion"|"8.6.8.8.6.8.8."||"LFTB"|"T. Willey"|"311g.mid"||"379"
"329"|"Newton Ferns"|"8.7.8.7."||"LFTB"|"Samuel Smith"|"329g.mid"||"380"
"330"|"Oxford"|"8.7.8.7."||"LFTB"|"Mrs. Daphne M. Morren"|"330g.mid"||"381"
"331"|"Placida"|"8.7.8.7."||"LFTB"|"From 'Geistliche Leider'"|"331g.mid"||"382"
"333"|"Redhead No. 46"|"8.7.8.7."||"LFTB"|"Richard Redhead"|"333g.mid"||"383"
"334"|"Rhineland"|"8.7.8.7."||"LFTB"|"From 'Geistliche Leider'"|"334g.mid"||"384"
"336"|"Romanza"|"8.7.8.7."||"LFTB"|"From Beethoven"|"336g.mid"||"385"
"349"|"Living Spring"|"8.7.8.7. Dactylic"||"LFTB"|"Miss E.C. Shanks"|"349g.mid"||"386"
"350"|"Oslo"|"8.7.8.7. Dactylic"||"LFTB"|"Norwegian Air"|"350g.mid"||"387"
"351"|"Jevington"|"8.7.8.7. Dactylic Chorus 5.7.8.7."||"LFTB"|"C.T. Lambert"|"351g.mid"||"388"
"358"|"Kensington New"|"8.7.8.7.4.7."||"LFTB"|"J. Tilleard"|"358g.mid"||"389"
"381"|"Friendship"|"8.7.8.7.8.7.8.7."||"LFTB"|"Miss La Thangue"|"381g.mid"||"390"
"387"|"Kenelgin"|"8.7.8.7.8.7.8.7."||"LFTB"|"Unknown"|"387g.mid"||"391"
"390"|"Northampton"|"8.7.8.7.8.7.8.7."||"LFTB"|"P.P. Bliss"|"390g.mid"||"392"
"393"|"Room for Jesus"|"8.7.8.7.8.7.8.7."||"LFTB"|"C.C. Williams"|"393g.mid"||"393"
"396"|"Aldwyn"|"8.7.8.7.8.7.8.7. Iambic"||"LFTB"|"G.C. Stebbins"|"396g.mid"||"394"
"403"|"Dartford"|"8.8.6.8.8.6."||"LFTB"|"From 'Geistliche Leider'"|"403g.mid"||"395"
"434"|"Melita"|"8.8.8.8.8.8."||"LFTB"|"Dr. J.B. Dykes"|"434g.mid"||"396"
"442"|"Eirene"|"8.8.11.8."||"LFTB"|"T. Collins"|"442g.mid"||"397"
"447"|"Petrograd"|"9.8.9.8.9.8.9.8."||"LFTB"|"D. Otsing"|"447g.mid"||"398"
"454"|"Brackley"|"10.4.10.4.10.10."||"LFTB"|"Miss M. Grugeon"|"454g.mid"||"399"
"478"|"Come unto Me"|"10.10.10.10."||"LFTB"|"G.C. Stebbins"|"478g.mid"||"400"
"480"|"Deramore"|"10.10.10.10."||"LFTB"|"C. Leflaive"|"480g.mid"||"401"
"484"|"Eventide"|"10.10.10.10."||"LFTB"|"Dr. W.H. Monk"|"484g.mid"||"402"
"493"|"Mercedem"|"10.10.10.10."||"LFTB"|"A.F. Gilbert"|"493g.mid"||"403"
"497"|"St. Agnes (Hoyland)"|"10.10.10.10."||"LFTB"|"J. Langran"|"497g.mid"||"404"
"499"|"Speranza"|"10.10.10.10."||"LFTB"|"C. Leflaive"|"499g.mid"||"405"
"505"|"Moment by Moment"|"10.10.10.10."||"LFTB"|"Mrs. Mary W. Moody"|"505g.mid"||"406"
"516"|"Berlin"|"11.10.11.10."||"LFTB"|"From Mendelssohn"|"516g.mid"||"407"
"522"|"Boyle Street"|"11.10.11.10. Dactylic"||"LFTB"|"Mrs. E. Ellis"|"522g.mid"||"408"
"526"|"O Quanta Qualia"|"11.10.11.10. Dactylic"||"LFTB"|"La Feillee Methode"|"526g.mid"||"409"
"533"|"Bury Thy Sorrow"|"11.11.11.11."||"LFTB"|"P.P. Bliss"|"533g.mid"||"410"
"541"|"Lyndhurst"|"11.11.11.11. Trochaic"||"LFTB"|"F.W. Hunt"|"541g.mid"||"411"
"551"|"Victory"|"14.14.4.7.8."||"LFTB"|"J. Neander"|"551g.mid"||"412"
"1"|"Abridge"|"C.M."||"LFTB"|"Isaac Smith"|"1g.mid"||"413"
"2"|"Acton"|"C.M."||"LFTB"|"F.H. Alden"|"2g.mid"||"414"
"7"|"Barrow"|"C.M."||"LFTB"|"American"|"7g.mid"||"415"
"8"|"Beatitudo"|"C.M."||"LFTB"|"Dr. J.B. Dykes"|"8g.mid"||"416"
"9"|"Bedford"|"C.M."||"LFTB"|"W. Wheale"|"9g.mid"||"417"
"10"|"Belmont"|"C.M."||"LFTB"|"S. Webbe"|"10g.mid"||"418"
"15"|"Day Dawn"|"C.M."||"LFTB"|"H.F. Morley"|"15g.mid"||"419"
"16"|"Dublin"|"C.M."||"LFTB"|"Sir John Stevenson"|"16g.mid"||"420"
"17"|"Dungermline"|"C.M."||"LFTB"|"From 'Scottish Psalter'"|"17g.mid"||"421"
"18"|"Eagley"|"C.M."||"LFTB"|"J. Walch"|"18g.mid"||"422"
"82"|"Mary"|"C.M.D."||"LFTB"|"D.G. Spary"|"82g.mid"||"423"
"83"|"None But Christ Can Satisfy!"|"C.M.D."||"LFTB"|"J. McGranahan"|"83g.mid"||"424"
"102"|"Harbour Head"|"L.M."||"LFTB"|"Simon Flett"|"102g.mid"||"425"
"105"|"Homage"|"L.M."||"LFTB"|"C. Leflaive"|"105g.mid"||"426"
"106"|"Keble"|"L.M."||"LFTB"|"Dr. J.B. Dykes"|"106g.mid"||"427"
"107"|"Luther's Chant"|"L.M."||"LFTB"|"Martin Luther"|"107g.mid"||"428"
"108"|"Mainzer"|"L.M."||"LFTB"|"J. Mainzer"|"108g.mid"||"429"
"126"|"Worship"|"L.M."||"LFTB"|"Mrs. H.V. Ground"|"126g.mid"||"430"
"127"|"Hayes"|"L.M.D."||"LFTB"|"From Beethoven"|"127g.mid"||"431"
"128"|"Saved By Grace"|"L.M.D."||"LFTB"|"G.C. Stebbins"|"128g.mid"||"432"
"129"|"Blessed Assurance"|"P.M."||"LFTB"|"Mrs. J.F. Knapp"|"129g.mid"||"433"
"138"|"Huddersfield"|"S.M."||"LFTB"|"From 'Williams Psalmody'"|"138g.mid"||"434"
"139"|"Leipzig"|"S.M."||"LFTB"|"R. Arras"|"139g.mid"||"435"
"140"|"Moreland"|"S.M."||"LFTB"|"From 'Melodies and Chants'"|"140g.mid"||"436"
"141"|"Morington's Chant"|"S.M."||"LFTB"|"Earl of Mornington"|"141g.mid"||"437"
"142"|"Mudstone"|"S.M."||"LFTB"|"David Johnson"|"142g.mid"||"438"
"143"|"Mullaghmore"|"S.M."||"LFTB"|"J. Steven"|"143g.mid"||"439"
"144"|"My Beloved"|"S.M."||"LFTB"|"H.F. Morley"|"144g.mid"||"440"
"145"|"Repose"|"S.M."||"LFTB"|"P. Blanche"|"145g.mid"||"441"
"150"|"St. Michael"|"S.M."||"LFTB"|"From 'Days Psalter'"|"150g.mid"||"442"
"151"|"Silchester"|"S.M."||"LFTB"|"Dr. H.A.C. Malan"|"151g.mid"||"443"
"152"|"Solyma"|"S.M."||"LFTB"|"Unknown"|"152g.mid"||"444"
"153"|"Summerfield"|"S.M."||"LFTB"|"Unknown"|"153g.mid"||"445"
"158"|"Victory"|"S.M."||"LFTB"|"C. Leflaive"|"158g.mid"||"446"
"159"|"Zurich"|"S.M."||"LFTB"|"J.G. Nageli"|"159g.mid"||"447"
"160"|"Diademata"|"S.M.D."||"LFTB"|"Sir George J. Elvey"|"160g.mid"||"448"
"173"|"Lathbury"|"6.4.6.4.6.4.6.4."||"LFTB"|"W.F. Sherwin"|"173g.mid"||"449"
"174"|"Light After Darkness"|"6.4.6.4.6.4.6.4."||"LFTB"|"Ira D. Sankey"|"174g.mid"||"450"
"186"|"Olivet"|"6.6.4.6.6.6.4."||"LFTB"|"Dr. Lowell Mason"|"186g.mid"||"451"
"187"|"Abbott's Wood"|"6.6.6.5.6.6.6.5."||"LFTB"|"Mrs. Dent"|"187g.mid"||"452"
"188"|"Belmont"|"6.6.6.5.6.6.6.5."||"LFTB"|"From Haydn"|"188g.mid"||"453"
"191"|"Invitation"|"6.6.6.6.6.6.6.6."||"LFTB"|"F.C. Maker"|"191g.mid"||"454"
"192"|"Nun Danket"|"6.6.6.6.6.6.6.6."||"LFTB"|"J. Cruger"|"192g.mid"||"455"
"195"|"Darwall's 148th"|"6.6.6.6.8.8."||"LFTB"|"J. Darwall"|"195g.mid"||"456"
"203"|"Samuel"|"6.6.6.6.8.8."||"LFTB"|"Sir Arthur S. Sullivan"|"203g.mid"||"457"
"204"|"The Gospel of Thy Grace"|"6.6.6.6.8.8."||"LFTB"|"J. McGranahan"|"204g.mid"||"458"
"213"|"Endbach"|"7.4.7.4.7.4.7.4."||"LFTB"|"F. Silcher"|"213g.mid"||"459"
"214"|"Guidance"|"7.4.7.4.7.4.7.4."||"LFTB"|"G. Millar"|"214g.mid"||"460"
"223"|"Teingmouth"|"7.6.7.6."||"LFTB"|"C.T. Lambert"|"223g.mid"||"461"
"224"|"Weber"|"7.6.7.6."||"LFTB"|"From Weber"|"224g.mid"||"462"
"225"|"West View"|"7.6.7.6."||"LFTB"|"P.S. Pugh"|"225g.mid"||"463"
"232"|"Confidence"|"7.6.7.6.7.6.7.6."||"LFTB"|"Unknown"|"232g.mid"||"464"
"233"|"Cruger"|"7.6.7.6.7.6.7.6."||"LFTB"|"J. Cruger"|"233g.mid"||"465"
"236"|"Dublin"|"7.6.7.6.7.6.7.6."||"LFTB"|"J.C. Trench"|"236g.mid"||"466"
"237"|"Eaton Square"|"7.6.7.6.7.6.7.6."||"LFTB"|"W.G. Fischer"|"237g.mid"||"467"
"240"|"Ewing"|"7.6.7.6.7.6.7.6."||"LFTB"|"A. Ewing"|"240g.mid"||"468"
"241"|"Farewell"|"7.6.7.6.7.6.7.6."||"LFTB"|"From Mendelssohn"|"241g.mid"||"469"
"248"|"Lancashire"|"7.6.7.6.7.6.7.6."||"LFTB"|"H.T. Smart"|"248g.mid"||"470"
"252"|"Petition"|"7.6.7.6.7.6.7.6."||"LFTB"|"From Haydn"|"252g.mid"||"471"
"256"|"St. Christopher"|"7.6.7.6.7.6.7.6."||"LFTB"|"F.C. Maker"|"256g.mid"||"472"
"257"|"St. Denis"|"7.6.7.6.7.6.7.6."||"LFTB"|"From 'Calcotts Psalm and Hymn Tunes'"|"257g.mid"||"473"
"260"|"The Cross of Jesus"|"7.6.7.6.7.6.7.6."||"LFTB"|"Ira D. Sankey"|"260g.mid"||"474"
"261"|"The Glory Shines"|"7.6.7.6.7.6.7.6."||"LFTB"|"Miss. S.M. Walker"|"261g.mid"||"475"
"269"|"Innocents"|"7.7.7.7."||"LFTB"|"G.B. Pergolesi"|"269g.mid"||"476"
"270"|"Monkland"|"7.7.7.7."||"LFTB"|"J. Wilkes"|"270g.mid"||"477"
"271"|"Mozart"|"7.7.7.7."||"LFTB"|"From Mozart"|"271g.mid"||"478"
"272"|"St. Bees"|"7.7.7.7."||"LFTB"|"Dr. J.B. Dykes"|"272g.mid"||"479"
"284"|"Bishopgarth"|"7.7.8.7.7.7.8.7."||"LFTB"|"Sir Arthur S. Sullivan"|"284g.mid"||"480"
"285"|"Cyprus"|"7.7.8.7.7.7.8.7."||"LFTB"|"Greek Melody"|"285g.mid"||"481"
"288"|"Southgate"|"8.4.8.4.8.8.8.4."||"LFTB"|"T.B. Southgate"|"288g.mid"||"482"
"289"|"Bredbury"|"8.5.8.3."||"LFTB"|"J. Page"|"289g.mid"||"483"
"290"|"Bullinger"|"8.5.8.3."||"LFTB"|"Dr. E. W. Bullinger"|"290g.mid"||"484"
"295"|"Filey"|"8.5.8.5."||"LFTB"|"C. Leflaive"|"295g.mid"||"485"
"296"|"Lynton"|"8.5.8.5."||"LFTB"|"T. Willey"|"296g.mid"||"486"
"297"|"Unbounded Love"|"8.5.8.5."||"LFTB"|"F.H. Parkes"|"297g.mid"||"487"
"300"|"The Bride"|"8.5.8.5.8.5.8.5."||"LFTB"|"J. Revell"|"300g.mid"||"488"
"301"|"St. Cuthbert"|"8.6.8.4."||"LFTB"|"Dr. J.B. Dykes"|"301g.mid"||"489"
"302"|"Substitution"|"8.6.8.6.8.6."||"LFTB"|"Ira D. Sankey"|"302g.mid"||"490"
"307"|"Palmyra"|"8.6.8.6.8.8."||"LFTB"|"J. Summers"|"307g.mid"||"491"
"308"|"Supremacy"|"8.6.8.6.8.8."||"LFTB"|"N. Tomblin"|"308g.mid"||"492"
"317"|"Berechiah"|"8.7.8.7."||"LFTB"|"T. Collins"|"317g.mid"||"493"
"318"|"Brightness"|"8.7.8.7."||"LFTB"|"Mrs. W. Jones"|"318g.mid"||"494"
"319"|"Crimea Street"|"8.7.8.7."||"LFTB"|"T. Collins"|"319g.mid"||"495"
"320"|"Cross of Jesus"|"8.7.8.7."||"LFTB"|"Sir John Stainer"|"320g.mid"||"496"
"325"|"Hallsberg"|"8.7.8.7."||"LFTB"|"Miss Norah Nilsson"|"325g.mid"||"497"
"326"|"Hananiah"|"8.7.8.7."||"LFTB"|"T. Collins"|"326g.mid"||"498"
"327"|"Love Divine"|"8.7.8.7."||"LFTB"|"Sir John Stainer"|"327g.mid"||"499"
"328"|"Marching"|"8.7.8.7."||"LFTB"|"M. Shaw"|"328g.mid"||"500"
"341"|"Sharon"|"8.7.8.7."||"LFTB"|"Dr. W. Boyce"|"341g.mid"||"501"
"342"|"Sicilian Mariners"|"8.7.8.7."||"LFTB"|"Old Sicilian Melody"|"342g.mid"||"502"
"343"|"Springfield"|"8.7.8.7."||"LFTB"|"Dr. H.J. Gauntlett"|"343g.mid"||"503"
"353"|"Showers of Blessing"|"8.7.8.7. Dactylic Chorus 5.7.8.7."||"LFTB"|"J. McGranahan"|"353g.mid"||"504"
"354"|"Brisbane"|"8.7.8.7. Iambic"||"LFTB"|"T. Walford Rofe"|"354g.mid"||"505"
"355"|"Dominus Regit Me"|"8.7.8.7. Iambic"||"LFTB"|"Dr. J.B. Dykes"|"355g.mid"||"506"
"360"|"Mannheim"|"8.7.8.7.4.7."||"LFTB"|"Dr. F. Filitz"|"360g.mid"||"507"
"361"|"Olivers"|"8.7.8.7.4.7."||"LFTB"|"T. Olivers"|"361g.mid"||"508"
"364"|"Triumph"|"8.7.8.7.4.7."||"LFTB"|"Dr. H.J. Gauntlett"|"364g.mid"||"509"
"365"|"Unser Herrscher"|"8.7.8.7.4.7."||"LFTB"|"J. Neander"|"365g.mid"||"510"
"368"|"Jera"|"8.7.8.7.7.7."||"LFTB"|"S.J. Vail"|"368g.mid"||"511"
"369"|"Lord of Glory"|"8.7.8.7.7.7."||"LFTB"|"Miss. S.M. Walker"|"369g.mid"|"From 'Precious Saviour'"|"512"
"374"|"Bethany"|"8.7.8.7.8.7.8.7."||"LFTB"|"H.T. Smart"|"374g.mid"||"513"
"375"|"Blaenwern"|"8.7.8.7.8.7.8.7."||"LFTB"|"W.P. Rowlands"|"375g.mid"||"514"
"517"|"Even So"|"11.10.11.10."||"LFTB"|"A.P. Gipps"|"517g.mid"||"515"
"518"|"Heavenly Glory"|"11.10.11.10."||"LFTB"|"E. Carren"|"518g.mid"||"516"
"531"|"Pilgrims"|"11.10.11.10.9.11."||"LFTB"|"H.T. Smart"|"531g.mid"||"517"
"532"|"Bow Street"|"11.11.11.11."||"LFTB"|"I.E. Rummery"|"532g.mid"||"518"
"19"|"Eastgate"|"C.M."||"LFTB"|"R. Bennett"|"19g.mid"||"519"
"20"|"Evan"|"C.M."||"LFTB"|"W.H. Havergal"|"20g.mid"||"520"
"21"|"Farrant"|"C.M."||"LFTB"|"R. Farrant"|"21g.mid"||"521"
"27"|"Home"|"C.M."||"LFTB"|"Earl of Mornington"|"27g.mid"||"522"
"22"|"French"|"C.M."||"LFTB"|"From 'Scottish Psalter'"|"22g.mid"||"523"
"28"|"Horsley"|"C.M."||"LFTB"|"W. Horsely"|"28g.mid"||"524"
"29"|"Ignatius"|"C.M."||"LFTB"|"J.H. Hester"|"29g.mid"||"525"
"30"|"Irish"|"C.M."||"LFTB"|"Isaac Smith"|"30g.mid"||"526"
"31"|"Jackson's"|"C.M."||"LFTB"|"T. Jackson"|"31g.mid"||"527"
"32"|"Jubilant"|"C.M."||"LFTB"|"E. Carren"|"32g.mid"||"528"
"33"|"Kilmarnock"|"C.M."||"LFTB"|"Niel Dougall"|"33g.mid"||"529"
"34"|"Leichester"|"C.M."||"LFTB"|"W. Hurst"|"34g.mid"||"530"
"51"|"Rest"|"C.M."||"LFTB"|"F.C. Maker"|"51g.mid"||"531"
"52"|"Richmond"|"C.M."||"LFTB"|"T. Haweis"|"52g.mid"||"532"
"53"|"Royal Fort"|"C.M."||"LFTB"|"E.J. Orchard"|"53g.mid"||"533"
"54"|"St. Agnes (Durham)"|"C.M."||"LFTB"|"Dr. J.B. Dykes"|"54g.mid"||"534"
"75"|"Warwick"|"C.M."||"LFTB"|"Samuel Stanley"|"75g.mid"||"535"
"77"|"Worship"|"C.M."||"LFTB"|"Mrs. M.S. Cooper"|"77g.mid"||"536"
"76"|"Wiltshire"|"C.M."||"LFTB"|"Sir George T. Smart"|"76g.mid"||"537"
"84"|"St. Matthew"|"C.M.D."||"LFTB"|"Dr. W. Croft"|"84g.mid"||"538"
"85"|"The Home"|"C.M.D."||"LFTB"|"Miss S.N. Walker"|"85g.mid"||"539"
"109"|"Maryton"|"L.M."||"LFTB"|"H.P. Smith"|"109g.mid"||"540"
"110"|"Melcomb"|"L.M."||"LFTB"|"S. Webbe"|"110g.mid"||"541"
"111"|"Old One Hundredth"|"L.M."||"LFTB"|"From 'Genevan Psalter'"|"111g.mid"||"542"
"112"|"Ombersley"|"L.M."||"LFTB"|"W.H. Gladstone"|"112g.mid"||"543"
"130"|"Austin"|"S.M."||"LFTB"|"A.E. Lord"|"130g.mid"||"544"
"131"|"Bexhill"|"S.M."||"LFTB"|"From Swedish"|"131g.mid"||"545"
"132"|"Cambridge"|"S.M."||"LFTB"|"R. Harrison"|"132g.mid"||"546"
"133"|"Carlisle"|"S.M."||"LFTB"|"C. Lockhart"|"133g.mid"||"547"
"189"|"Clarendon"|"6.6.6.5.6.6.6.5."||"LFTB"|"Miss La Thangue"|"189g.mid"||"548"
"190"|"Jehovah Tsidkenu"|"6.6.6.5.6.6.6.5."||"LFTB"|"H. Bennett"|"190g.mid"||"549"
"196"|"Exeter"|"6.6.6.6.8.8."||"LFTB"|"Unknown"|"196g.mid"||"550"
"206"|"Easton"|"6.6.8.4."||"LFTB"|"W. Easton"|"206g.mid"||"551"
"244"|"German Tunes (1952) No. 41"|"7.6.7.6.7.6.7.6."||"LFTB"|"Unknown"|"244g.mid"||"552"
"321"|"Ellerton (Craster)"|"8.7.8.7."||"LFTB"|"Unknown"|"321g.mid"||"553"
"322"|"Exultation"|"8.7.8.7."||"LFTB"|"P. Blanche"|"322g.mid"||"554"
"323"|"German Evening Hymn"|"8.7.8.7."||"LFTB"|"From German"|"323g.mid"||"555"
"324"|"Gotha"|"8.7.8.7."||"LFTB"|"H.R.H. Prince Albert"|"324g.mid"||"556"
"500"|"Spes Mea in Deo"|"10.10.10.10."||"LFTB"|"J.S. Warburton"|"500g.mid"||"557"
"501"|"The Shadow of His Wings"|"10.10.10.10."||"LFTB"|"C. Leflaive"|"501g.mid"||"558"
"506"|"It Passeth Knowledge"|"10.10.10.10.4."||"LFTB"|"Ira D. Sankey"|"506g.mid"||"559"
"507"|"Evesham"|"10.10.10.10.10.10."||"LFTB"|"J.H. Killick"|"507g.mid"||"560"
"535"|"Longstaff"|"11.11.11.11."||"LFTB"|"G.C. Stebbins"|"535g.mid"||"561"
"536"|"St. Denio"|"11.11.11.11."||"LFTB"|"Welch Hymn Melody"|"536g.mid"||"562"
"537"|"To God Be the Glory"|"11.11.11.11."||"LFTB"|"W.H. Doane"|"537g.mid"||"563"
"538"|"Elim"|"11.11.11.11. Trochaic"||"LFTB"|"Miss Davis"|"538g.mid"||"564"
"545"|"Detroit"|"12.13.12.10."||"LFTB"|"E. Carren"|"545g.mid"||"565"
"546"|"Nicea"|"12.13.12.10."||"LFTB"|"Dr. J.B. Dykes"|"546g.mid"||"566"
"553"|"Ingleside"|"14.14.14.14."||"LFTB"|"Josiah Booth"|"553g.mid"||"567"
"554"|"St. Sylvester"|"14.14.14.14."||"LFTB"|"Sir Joseph Barnby"|"554g.mid"||"568"
"23"|"German Tunes (1952) No.65"|"C.M."||"LFTB"|"R. Arras"|"23g.mid"||"569"
"24"|"Gerontius"|"C.M."||"LFTB"|"Dr. J.B. Dykes"|"24g.mid"||"570"
"25"|"Glasgow"|"C.M."||"LFTB"|"John Holden"|"25g.mid"||"571"
"26"|"Golden Key"|"C.M."||"LFTB"|"J.R. Sweney"|"26g.mid"||"572"
"35"|"Lloyd"|"C.M."||"LFTB"|"Unknown"|"35g.mid"||"573"
"36"|"Lydia"|"C.M."||"LFTB"|"T. Philips"|"36g.mid"||"574"
"37"|"Martyrdom"|"C.M."||"LFTB"|"H. Wilson"|"37g.mid"||"575"
"38"|"Merton"|"C.M."||"LFTB"|"From 'Geistliche Leider'"|"38g.mid"||"576"
"39"|"Miles' Lane"|"C.M."||"LFTB"|"W. Shrubsole"|"39g.mid"||"577"
"40"|"Morning Light"|"C.M."||"LFTB"|"Mrs. E.S. Kingston"|"40g.mid"||"578"
"41"|"Name of Jesus"|"C.M."||"LFTB"|"Miss S.N. Walker"|"41g.mid"||"579"
"42"|"Nativity"|"C.M."||"LFTB"|"H. Lahee"|"42g.mid"||"580"
"43"|"Newcastle"|"C.M."||"LFTB"|"Henry K. Morley"|"43g.mid"|"Repeat 3rd line of each verse"|"581"
"44"|"Norge"|"C.M."||"LFTB"|"Unknown"|"44g.mid"||"582"
"45"|"Northrop"|"C.M."||"LFTB"|"A. Northrop"|"45g.mid"|"Repeat last line 3 times"|"583"
"46"|"Nottingham"|"C.M."||"LFTB"|"Jeremiah Clarke"|"46g.mid"||"584"
"55"|"St. Andrew"|"C.M."||"LFTB"|"From 'New Harmony of Sion'"|"55g.mid"||"585"
"56"|"St. Anne"|"C.M."||"LFTB"|"Dr. W. Croft"|"56g.mid"||"586"
"57"|"St. Bernard"|"C.M."||"LFTB"|"J. Richardson"|"57g.mid"||"587"
"58"|"St. Columbia"|"C.M."||"LFTB"|"Irish Traditional Melody"|"58g.mid"||"588"
"59"|"St. Fulbert"|"C.M."||"LFTB"|"Dr. H.J. Gauntlett"|"59g.mid"||"589"
"60"|"St. Leonard"|"C.M."||"LFTB"|"H.T. Smart"|"60g.mid"||"590"
"61"|"St. Paul"|"C.M."||"LFTB"|"From 'Chalmers Collection'"|"61g.mid"||"591"
"62"|"St. Peter"|"C.M."||"LFTB"|"A.R. Reinagle"|"62g.mid"||"592"
"63"|"St. Saviour"|"C.M."||"LFTB"|"F.G. Baker"|"63g.mid"||"593"
"64"|"St. Stephen"|"C.M."||"LFTB"|"W. Jones"|"64g.mid"||"594"
"65"|"Salzburg"|"C.M."||"LFTB"|"J.M. Haydn"|"65g.mid"||"595"
"66"|"Sawley"|"C.M."||"LFTB"|"J. Walch"|"66g.mid"||"596"
"67"|"Sheffield"|"C.M."||"LFTB"|"W. Mather"|"67g.mid"||"597"
"68"|"Southwell"|"C.M."||"LFTB"|"H.S. Irons"|"68g.mid"||"598"
"69"|"Spohr"|"C.M."||"LFTB"|"From 'Spohr'"|"69g.mid"||"599"
"70"|"Stracathro"|"C.M."||"LFTB"|"C. Hutcheson"|"70g.mid"||"600"
"86"|"Vox Dilecti"|"C.M.D."||"LFTB"|"Dr. J.B. Dykes"|"86g.mid"||"601"
"87"|"Abends"|"L.M."||"LFTB"|"Sir Herbert S. Oakeley"|"87g.mid"||"602"
"88"|"Adoration"|"L.M."||"LFTB"|"R. Thornton"|"88g.mid"||"603"
"119"|"Tallis's Canon"|"L.M."||"LFTB"|"T. Tallis"|"119g.mid"||"604"
"120"|"Thou Remainest"|"L.M."||"LFTB"|"W. Pinsen"|"120g.mid"||"605"
"121"|"Walton"|"L.M."||"LFTB"|"From Beethoven"|"121g.mid"||"606"
"122"|"Wareham"|"L.M."||"LFTB"|"W. Knapp"|"122g.mid"||"607"
"123"|"Warrington"|"L.M."||"LFTB"|"R. Harrison"|"123g.mid"||"608"
"124"|"Whitburn"|"L.M."||"LFTB"|"H. Baker"|"124g.mid"||"609"
"125"|"Winchester New"|"L.M."||"LFTB"|"Crasselius"|"125g.mid"||"610"
"134"|"Crotch's Chant"|"S.M."||"LFTB"|"Dr. W. Crotch"|"134g.mid"||"611"
"135"|"Franconia"|"S.M."||"LFTB"|"German Melody"|"135g.mid"||"612"
"137"|"Grace"|"S.M."||"LFTB"|"C.T. Lambert"|"137g.mid"||"613"
"146"|"Rhodes"|"S.M."||"LFTB"|"Dr. C. Warwich Jordan"|"146g.mid"||"614"
"147"|"Ripon"|"S.M."||"LFTB"|"J.G. Nageli"|"147g.mid"||"615"
"148"|"Robinson's Chant"|"S.M."||"LFTB"|"J. Robinson"|"148g.mid"||"616"
"149"|"St. George"|"S.M."||"LFTB"|"Dr. H.J. Gauntlett"|"149g.mid"||"617"
"179"|"St. Edmund"|"6.4.6.4.6.6.6.4."||"LFTB"|"Sir Arthur S. Sullivan"|"179g.mid"||"618"
"180"|"Summer Land"|"6.4.6.4.6.6.6.4."||"LFTB"|"P.G. Fithian"|"180g.mid"||"619"
"193"|"The Blessed Home"|"6.6.6.6.6.6.6.6."||"LFTB"|"Sir John Stainer"|"193g.mid"||"620"
"194"|"Christchurch"|"6.6.6.6.8.8."||"LFTB"|"Dr. C. Steggall"|"194g.mid"||"621"
"201"|"Millenium"|"6.6.6.6.8.8."||"LFTB"|"Unknown"|"201g.mid"||"622"
"202"|"Safe Home"|"6.6.6.6.8.8."||"LFTB"|"Sir Arthur S. Sullivan"|"202g.mid"||"623"
"219"|"Pastor"|"7.6.7.6."||"LFTB"|"Melchior Vulpiius"|"219g.mid"||"624"
"220"|"Remembrance"|"7.6.7.6."||"LFTB"|"Josiah Booth"|"220g.mid"||"625"
"221"|"St. Alphege"|"7.6.7.6."||"LFTB"|"Dr. H.J. Gauntlett"|"221g.mid"||"626"
"222"|"St. Philip"|"7.6.7.6."||"LFTB"|"Unknown"|"222g.mid"||"627"
"228"|"Ajeleth-Shahar"|"7.6.7.6.7.6.7.6."||"LFTB"|"W.C. Fursland"|"228g.mid"||"628"
"229"|"Alford"|"7.6.7.6.7.6.7.6."||"LFTB"|"Dr. J.B. Dykes"|"229g.mid"||"629"
"234"|"Day of Rest"|"7.6.7.6.7.6.7.6."||"LFTB"|"J.W. Elliott"|"234g.mid"||"630"
"235"|"Dresden"|"7.6.7.6.7.6.7.6."||"LFTB"|"J.A.P. Schulz"|"235g.mid"||"631"
"238"|"Ellacombe"|"7.6.7.6.7.6.7.6."||"LFTB"|"From 'Kochers Zionsharfe'"|"238g.mid"||"632"
"239"|"Eltham"|"7.6.7.6.7.6.7.6."||"LFTB"|"From 'Geistliche Leider'"|"239g.mid"||"633"
"249"|"Lorraine"|"7.6.7.6.7.6.7.6."||"LFTB"|"Mrs. F. Houghton"|"249g.mid"||"634"
"250"|"Missionary"|"7.6.7.6.7.6.7.6."||"LFTB"|"Dr. Lowell Mason"|"250g.mid"||"635"
"251"|"Morning Light"|"7.6.7.6.7.6.7.6."||"LFTB"|"G.J. Webb"|"251g.mid"||"636"
"254"|"Rest and Home"|"7.6.7.6.7.6.7.6."||"LFTB"|"Miss La Thangue"|"254g.mid"||"637"
"255"|"Robe of Righteousness"|"7.6.7.6.7.6.7.6."||"LFTB"|"Dr. Lowell Mason"|"255g.mid"||"638"
"258"|"St. Theodulph"|"7.6.7.6.7.6.7.6."||"LFTB"|"M. Teschner"|"258g.mid"||"639"
"259"|"Swansea"|"7.6.7.6.7.6.7.6."||"LFTB"|"Henri F. Hemy"|"259g.mid"||"640"
"263"|"Missionary Prayer"|"7.6.7.6.8.8."||"LFTB"|"E.K. Brinkworth"|"263g.mid"||"641"
"264"|"St. Anatolius"|"7.6.7.6.8.8."||"LFTB"|"Arthur H. Brown"|"264g.mid"||"642"
"278"|"Trusting Jesus"|"7.7.7.7.7.7.7.7."||"LFTB"|"Ira D. Sankey"|"278g.mid"||"643"
"286"|"All Is Well"|"8.4.8.4.8.8.8.4."||"LFTB"|"Unknown"|"286g.mid"||"644"
"366"|"All Saints"|"8.7.8.7.7.7."||"LFTB"|"Geistreiches Gesangbuch"|"366g.mid"||"645"
"367"|"Evening Prayer"|"8.7.8.7.7.7."||"LFTB"|"Dr. Lowell Mason"|"367g.mid"||"646"
"287"|"O How He Loves"|"8.4.8.4.8.8.8.4."||"LFTB"|"H.P. Main"|"287g.mid"||"647"
"291"|"Cairnbrook"|"8.5.8.3."||"LFTB"|"Dr. E. Prout"|"291g.mid"||"648"
"292"|"Come Thou Weary"|"8.5.8.3."||"LFTB"|"Ira D. Sankey"|"292g.mid"||"649"
"293"|"Stephanos"|"8.5.8.3."||"LFTB"|"Sir Henry W. Baker"|"293g.mid"||"650"
"294"|"Victor"|"8.5.8.3."||"LFTB"|"Miss La Thangue"|"294g.mid"||"651"
"298"|"Hallelujah"|"8.5.8.5.8.5.8.5."||"LFTB"|"T. Collins"|"298g.mid"||"652"
"299"|"My Father Knoweth"|"8.5.8.5.8.5.8.5."||"LFTB"|"J.H. Burke"|"299g.mid"||"653"
"304"|"Quis Seperabit"|"8.6.8.6.8.6.8.6.8.6."||"LFTB"|"C.T. Lambert"|"304g.mid"||"654"
"313"|"Alba"|"8.7.8.7."||"LFTB"|"C. Leflaive"|"313g.mid"||"655"
"314"|"All For Jesus"|"8.7.8.7."||"LFTB"|"Sir John Stainer"|"314g.mid"||"656"
"315"|"Alma"|"8.7.8.7."||"LFTB"|"S. Webbe"|"315g.mid"||"657"
"316"|"Beaumaris"|"8.7.8.7."||"LFTB"|"Unknown"|"316g.mid"||"658"
"344"|"Stuttgart"|"8.7.8.7."||"LFTB"|"German"|"344g.mid"||"659"
"345"|"Shades of Evening"|"8.7.8.7."||"LFTB"|"D.E. Jones"|"345g.mid"||"660"
"346"|"Thou Art Worthy"|"8.7.8.7."||"LFTB"|"W. Pinsen"|"346g.mid"||"661"
"347"|"Warren Vale"|"8.7.8.7."||"LFTB"|"Miss H.M. Faulkner"|"347g.mid"||"662"
"357"|"CWM Rhondda"|"8.7.8.7.4.7."||"LFTB"|"J. Hughes"|"357g.mid"||"663"
"362"|"Praise My Soul"|"8.7.8.7.4.7."||"LFTB"|"Sir John Goss"|"362g.mid"||"664"
"363"|"Regent Square"|"8.7.8.7.4.7."||"LFTB"|"H.T. Smart"|"363g.mid"||"665"
"372"|"Austria"|"8.7.8.7.8.7.8.7."||"LFTB"|"From Haydn"|"372g.mid"||"666"
"373"|"Benediction"|"8.7.8.7.8.7.8.7."||"LFTB"|"S. Webbe"|"373g.mid"||"667"
"376"|"Call Them In"|"8.7.8.7.8.7.8.7."||"LFTB"|"Ira D. Sankey"|"376g.mid"||"668"
"377"|"Converse"|"8.7.8.7.8.7.8.7."||"LFTB"|"C.C. Converse"|"377g.mid"||"669"
"378"|"Deerhurst"|"8.7.8.7.8.7.8.7."||"LFTB"|"J. Langran"|"378g.mid"||"670"
"379"|"Downham"|"8.7.8.7.8.7.8.7."||"LFTB"|"J.N. Barrett"|"379g.mid"||"671"
"382"|"Hyfrydol"|"8.7.8.7.8.7.8.7."||"LFTB"|"R.H. Prichard"|"382g.mid"||"672"
"383"|"In The Secret Of His Presence"|"8.7.8.7.8.7.8.7."||"LFTB"|"G.C. Stebbins"|"383g.mid"||"673"
"384"|"Jesus' Call"|"8.7.8.7.8.7.8.7."||"LFTB"|"Mrs. H.B. Cowie"|"384g.mid"||"674"
"385"|"Jesus Only"|"8.7.8.7.8.7.8.7."||"LFTB"|"R. Lowry"|"385g.mid"||"675"
"388"|"Love Divine"|"8.7.8.7.8.7.8.7."||"LFTB"|"J. Zundel"|"388g.mid"||"676"
"389"|"Lux Eoi"|"8.7.8.7.8.7.8.7."||"LFTB"|"Sir Arthur S. Sullivan"|"389g.mid"||"677"
"394"|"Tell Me the Story"|"8.7.8.7.8.7.8.7."||"LFTB"|"Ira D. Sankey"|"394g.mid"||"678"
"395"|"Waiting for the Morning"|"8.7.8.7.8.7.8.7."||"LFTB"|"G.F. Root"|"395g.mid"||"679"
"398"|"Seeds of Kindness"|"8.7.8.7.8.7.8.7.7.7."||"LFTB"|"S.J. Vail"|"398g.mid"||"680"
"399"|"Source of Blessing"|"8.7.8.7.8.7.8.7.7.7."||"LFTB"|"Miss Dorothea Markham"|"399g.mid"||"681"
"404"|"Eternal Praise"|"8.8.6.8.8.6."||"LFTB"|"Miss La Thangue"|"404g.mid"||"682"
"405"|"Hull"|"8.8.6.8.8.6."||"LFTB"|"S. Chandler"|"405g.mid"||"683"
"408"|"Pembroke"|"8.8.6.8.8.6."||"LFTB"|"J. Foster"|"408g.mid"||"684"
"410"|"Praise"|"8.8.6.8.8.6."||"LFTB"|"A. Radiger"|"410g.mid"||"685"
"411"|"Ravendale"|"8.8.6.8.8.6."||"LFTB"|"W. Stokes"|"411g.mid"||"686"
"412"|"Reuben"|"8.8.6.8.8.6."||"LFTB"|"S. Wakely"|"412g.mid"||"687"
"415"|"Praise the Saviour"|"8.8.8.5. Trochaic"||"LFTB"|"Unknown"|"415g.mid"||"688"
"416"|"Ilsley"|"8.8.8.6."||"LFTB"|"W.B. Bradbury"|"416g.mid"||"689"
"417"|"Just As I Am"|"8.8.8.6."||"LFTB"|"Sir Joseph Barnby"|"417g.mid"||"690"
"418"|"Just As I Am"|"8.8.8.6."||"LFTB"|"W.B. Bradbury"|"418g.mid"||"691"
"426"|"Gift Unspeakable"|"8.8.8.8.6."||"LFTB"|"A.F. Tipler"|"426g.mid"||"692"
"427"|"St. Margaret"|"8.8.8.8.6."||"LFTB"|"A.L. Peace"|"427g.mid"||"693"
"428"|"Adoration"|"8.8.8.8.8.8."||"LFTB"|"T. Collins"|"428g.mid"||"694"
"429"|"Bowmanville"|"8.8.8.8.8.8."||"LFTB"|"Miss La Thangue"|"429g.mid"||"695"
"430"|"Creation"|"8.8.8.8.8.8."||"LFTB"|"From Haydn"|"430g.mid"||"696"
"431"|"Euphony"|"8.8.8.8.8.8."||"LFTB"|"H. Dennis"|"431g.mid"||"697"
"432"|"Gardenstown"|"8.8.8.8.8.8."||"LFTB"|"Unknown"|"432g.mid"||"698"
"435"|"Quemerford"|"8.8.8.8.8.8."||"LFTB"|"Miss La Thangue"|"435g.mid"||"699"
"436"|"Rest"|"8.8.8.8.8.8."||"LFTB"|"Sir John Stainer"|"436g.mid"||"700"
"439"|"St. Matthias"|"8.8.8.8.8.8."||"LFTB"|"Dr. W.H. Monk"|"439g.mid"||"701"
"440"|"Stella"|"8.8.8.8.8.8."||"LFTB"|"Old English Melody"|"440g.mid"||"702"
"443"|"There is Rest"|"8.8.11.8."||"LFTB"|"C.T. Lambert"|"443g.mid"||"703"
"444"|"Praise and Glory"|"9.8.9.8."||"LFTB"|"E. Carren"|"444g.mid"||"704"
"445"|"Rachel"|"9.8.9.8."||"LFTB"|"P.J.L. Hindle"|"445g.mid"||"705"
"446"|"St. Sulien"|"9.8.9.8."||"LFTB"|"Edward Arthur"|"446g.mid"||"706"
"449"|"Willenhall"|"9.8.9.8.9.8.9.8."||"LFTB"|"R.A. Evershed"|"449g.mid"||"707"
"450"|"Almost Persuaded"|"9.9.6.6.6.4."||"LFTB"|"P.P. Bliss"|"450g.mid"||"708"
"451"|"Collingwood"|"9.9.6.6.6.4."||"LFTB"|"R.A. Evershed"|"451g.mid"||"709"
"452"|"Elland"|"9.9.9.9."||"LFTB"|"J. Langran"|"452g.mid"||"710"
"453"|"Ablington"|"10.4.10.4.10.10."||"LFTB"|"E. Burgess"|"453g.mid"||"711"
"456"|"Lamorna"|"10.4.10.4.10.10."||"LFTB"|"Mrs. H.B. Cowie"|"456g.mid"||"712"
"457"|"Lux Benigna"|"10.4.10.4.10.10."||"LFTB"|"Dr. J.B. Dykes"|"457g.mid"||"713"
"460"|"Horeb"|"10.8.10.7.8.13."||"LFTB"|"P.J.L. Hindle"|"460g.mid"||"714"
"461"|"Jesus is Calling"|"10.8.10.7.8.13."||"LFTB"|"G.C. Stebbins"|"461g.mid"||"715"
"462"|"Erica"|"10.10.4.10.10.4."||"LFTB"|"R.A. Evershead"|"462g.mid"||"716"
"468"|"A Little While"|"10.10.10.10."||"LFTB"|"Ira D. Sankey"|"468g.mid"||"717"
"469"|"Abide With Me"|"10.10.10.10."||"LFTB"|"F.C. Maker"|"469g.mid"||"718"
"470"|"Alvesta"|"10.10.10.10."||"LFTB"|"Unknown"|"470g.mid"||"719"
"471"|"Autumn"|"10.10.10.10."||"LFTB"|"F. Duckworth"|"471g.mid"||"720"
"472"|"Aziel"|"10.10.10.10."|"LFTB"||"T. Collins"|"472g.mid"||"721"
"473"|"Ballyclare"|"10.10.10.10."||"LFTB"|"T.Collins"|"473g.mid"||"722"
"474"|"Belfast"|"10.10.10.10."||"LFTB"|"R.E. Frizelle"|"474g.mid"||"723"
"475"|"Beverley"|"10.10.10.10."||"LFTB"|"C.T. McCorkell"|"475g.mid"||"724"
"476"|"Bexley"|"10.10.10.10."||"LFTB"|"C.T. Lambert"|"476g.mid"||"725"
"477"|"Birmingham"|"10.10.10.10."||"LFTB"|"From 'A Selection of Psalm Tunes'"|"477g.mid"||"726"
"482"|"Ellers"|"10.10.10.10."||"LFTB"|"Dr. E.J. Hopkins"|"482g.mid"||"727"
"483"|"Ernan"|"10.10.10.10."||"LFTB"|"Dr. Lowell Mason"|"483g.mid"||"728"
"486"|"Glenartney"|"10.10.10.10."||"LFTB"|"C.H. Gaskin"|"486g.mid"||"729"
"487"|"He Loved Me"|"10.10.10.10."||"LFTB"|"Miss F.R. Jones"|"487g.mid"||"730"
"488"|"Heavenly Garden (Litany)"|"10.10.10.10."||"LFTB"|"W.J. Maher"|"488g.mid"||"731"
"489"|"Hold Thou My Hand"|"10.10.10.10."||"LFTB"|"H.P. Main"|"489g.mid"||"732"
"490"|"In Hope"|"10.10.10.10."||"LFTB"|"Mrs. H.B. Cowie"|"490g.mid"||"733"
"491"|"Laus Patri"|"10.10.10.10."||"LFTB"|"From 'Melodies and Chants'"|"491g.mid"||"734"
"502"|"Unknown"|"10.10.10.10."||"LFTB"|"C. Goudimel"|"502g.mid"||"735"
"503"|"Trimley"|"10.10.10.10."||"LFTB"|"From 'Geisliche Lied'"|"503g.mid"||"736"
"508"|"The Master's Return"|"10.10.10.10.10.10."||"LFTB"|"T. Willey"|"508g.mid"||"737"
"509"|"Unde Et Memores"|"10.10.10.10.10.10."||"LFTB"|"Dr. W.H. Monk"|"509g.mid"||"738"
"510"|"Yorkshire"|"10.10.10.10.10.10."||"LFTB"|"Unknown"|"510g.mid"||"739"
"511"|"Hanover"|"10.10.11.11."||"LFTB"|"Dr. W. Croft"|"511g.mid"||"740"
"512"|"Haughton"|"10.10.11.11."||"LFTB"|"Dr. H.J. Gauntlett"|"512g.mid"||"741"
"519"|"O Perfect Love"|"11.10.11.10."||"LFTB"|"Sir Joseph Barnby"|"519g.mid"||"742"
"520"|"Rhys"|"11.10.11.10."||"LFTB"|"W.J. Evans"|"520g.mid"||"743"
"523"|"Doranne"|"11.10.11.10. Dactylic"||"LFTB"|"Mrs. H.B. Cowie"|"523g.mid"||"744"
"524"|"Epiphany Hymn"|"11.10.11.10. Dactylic"||"LFTB"|"J.F. Thrupp"|"524g.mid"||"745"
"527"|"Predestination"|"11.10.11.10. Dactylic"||"LFTB"|"B.D. Brooks"|"527g.mid"||"746"
"528"|"Skelton"|"11.10.11.10. Dactylic"||"LFTB"|"Miss F.T. Wigram"|"528g.mid"||"747"
"529"|"Springfield"|"11.10.11.10. Dactylic"||"LFTB"|"Dr. H.J. Gauntlett"|"529g.mid"||"748"
"530"|"Stachys"|"11.10.11.10. Dactylic"||"LFTB"|"T. Collins"|"530g.mid"||"749"
"539"|"Hermas"|"11.11.11.11. Trochaic"||"LFTB"|"Miss F.R. Havergal"|"539g.mid"||"750"
"540"|"Look Away To Jesus"|"11.11.11.11. Trochaic"||"LFTB"|"P.P. Bliss"|"540g.mid"||"751"
"543"|"The Coming King"|"11.11.11.11. Trochaic"||"LFTB"|"C.T. Lambert"|"543g.mid"||"752"
"544"|"Watching and Waiting"|"12.11.12.11."||"LFTB"|"P. Blanche"|"544g.mid"||"753"
"547"|"Raemond"|"12.13.12.10."||"LFTB"|"Miss D.A. Elderton"|"547g.mid"||"754"
"548"|"Trinity"|"12.13.12.10."||"LFTB"|"A. Stone"|"548g.mid"||"755"
"549"|"Passion Chorale"|"7.6.7.6.7.6.7.6."||"LFTB"|"H.L. Hassler"|"549g.mid"||"756"
"550"|"Exaltation"|"14.14.4.7.8."||"LFTB"|"Miss S.M. Walker"|"550g.mid"||"757"
