"hymn_no"|"hymn_meter"|"hymn_author"|"scrip_bk_1"|"scrip_ch_1"|"scrip_vs_1"|"scrip_bk_2"|"scrip_ch_2"|"scrip_vs_2"
"1"|"C.M."|"W. Cowper* (1731-1800)"|"59"|"1"|"17"|"49"|"2"|"8,9"
"2"|"8.7.8.7.4.7."|"J.G Deck* (1807-1884)"|"49"|"1"|"3-5"|"48"|"4"|"6"
"3"|"L.M."|"E.J. Boyt"|"13"|"29"|"11,12"|"60"|"5"|"11"
"4"|"11.10.11.10. Dactylic"|"Miss A.M. Harding"|"42"|"24"|"15,36"|"45"|"15"|"16"
"5"|"10.10.4.10.10.4."|"Mrs. H.A. Berg"|"49"|"1"|"4"|"49"|"3"|"20,21"
"6"|"C.M."|"Miss. M. Bowley (1813-1856)"|"50"|"2"|"9-11"|"22"|"1"|"3"
"7"|"8.8.6.8.8.6."|"J.B. Stoney (1814-1897)"|"50"|"4"|"4,5"|"60"|"1"|"4"
"8"|"6.6.6.5.6.6.6.5."|"Miss M. Bowly*"|"19"|"104"|"1"|"42"|"9"|"43"
"9"|"C.M."|"E. Perronet (1726-1792)"|"44"|"4"|"12"|"0"|"0"|
"10"|"10.10.10.10."|"E.L. Bevir"|"47"|"13"|"11"|"0"|"0"|
"11"|"8.6.8.6.8.8."|"J. Conder* (1789-1855)"|"43"|"1"|"1,2"|"0"|"0"|
"12"|"S.M."|"J.N. Darby (1800-1882)"|"41"|"16"|"19"|"0"|"0"|
"13"|"6.6.8.4.6.6.8.4."|"Miss H.K. Burlingham (1842-1901)"|"48"|"4"|"4,5"|"62"|"4"|"14"
"14"|"8.7.8.7."|"J.N. Darby"|"66"|"5"|"11-14"|"0"|"0"|
"15"|"L.M."|"Mrs. G. Helyar"|"58"|"13"|"8"|"58"|"1"|"12"
"16"|"10.10.10.10."|"P. Lyon"|"51"|"2"|"14,15"|"43"|"16"|"33"
"17"|"8.7.8.7.8.7.8.7."|"J. Newton (1725-1807)"|"47"|"13"|"14"|"46"|"1"|"3"
"18"|"8.8.8.8.8.8."|"E.A. Lee"|"43"|"14"|"16"|"47"|"1"|"26"
"19"|"6.5.11.6.5.11."|"J.N. Darby"|"52"|"4"|"13-18"|"43"|"14"|"3"
"20"|"4.8.4.8.8."|"E.L. Bevir"|"51"|"1"|"15,16"|"58"|"6"|"13"
"21"|"7.7.7.7."|"A.C Craig"|"43"|"14"|"16"|"43"|"14"|"26"
"22"|"11.10.11.10. Dactylic"|"G.V. Wigram (1805-1879)"|"49"|"2"|"4"|"60"|"14"|"3-5"
"23"|"8.8.8.8."|"J. Hart (1721-1768)"|"66"|"4"|"8"|"0"|"0"|
"24"|"S.M."|"S.W. Gandy (d. 1851)"|"50"|"2"|"9-11"|"55"|"1"|"10"
"25"|"C.M."|"J.N. Darby"|"49"|"1"|"3"|"58"|"4"|"16"
"26"|"C.M."|"J.N. Darby"|"19"|"16"|"11"|"56"|"3"|"7"
"27"|"11.11.11.11."|"I.G. Prestidge"|"5"|"3"|"24"|"23"|"40"|"31"
"28"|"8.7.8.7.8.7.8.7."|"J. Bakewell (1721-1819)"|"58"|"12"|"2"|"40"|"28"|"9"
"29"|"6.4.6.4.6.4.6.4."|"E.L. Bevir"|"58"|"1"|"12"|"19"|"90"|"1-17"
"30"|"8.7.8.7."|"H.S.T. Bullock"|"46"|"11"|"26"|"55"|"2"|"8"
"31"|"12.11.12.11."|"M. Cosido, fr. Spanish"|"52"|"4"|"14-17"|"0"|"0"|
"32"|"S.M."|"W.C. Booth"|"43"|"14"|"16"|"44"|"11"|"15"
"33"|"6.4.6.4.6.4.6.4."|"E.L. Bevir"|"66"|"22"|"16,17"|"22"|"2"|"8"
"34"|"8.8.8.8.8.8."|"E.H. Chater"|"44"|"5"|"31"|"48"|"2"|"20"
"35"|"C.M."|"E. Rubie"|"0"|"0"||"62"|"0"|
"36"|"7.6.7.6.7.6.7.6."|"J. Montgomery (1771-1854)"|"19"|"72"|"17"|"19"|"2"|"6"
"37"|"8.7.8.7."|"J. Pellatt"|"47"|"5"|"17"|"48"|"6"|"15"
"38"|"8.7.8.7."|"J. Watson*"|"23"|"66"|"1,2"|"19"|"90"|"2"
"39"|"9.8.9.8."|"A.J. Gardiner"|"50"|"4"|"5"|"43"|"14"|"18"
"40"|"8.6.8.8.6.8.8."|"J.G. Deck"|"41"|"15"|"40,41"|"23"|"45"|"22"
"41"|"8.5.8.5.8.5.8.5."|"P. Ellis"|"46"|"11"|"24,25"|"23"|"53"|"11"
"42"|"10.10.10.10."|"W.P. Smith"|"49"|"5"|"25-27"|"49"|"5"|"32"
"43"|"11.10.11.10. Dactylic"|"H.D'A. Champney"|"58"|"2"|"6"|"19"|"45"|"2"
"44"|"8.8.8.6."|"A.G. Doughty"|"55"|"1"|"9"|"60"|"2"|"4"
"45"|"10.10.10.10."|"H.F. Nunnerley"|"49"|"1"|"3"|"43"|"4"|"23"
"46"|"8.7.8.7."|"J.T. Ellis"|"62"|"4"|"14"|"54"|"1"|"15"
"47"|"C.M."|"J.N. Darby"|"43"|"10"|"3,4"|"43"|"10"|"16"
"48"|"5.5.4.5.5.4."|"E. Carr&egrave;n, fr. Swedish"|"45"|"11"|"33-36"|"19"|"90"|"1-4"
"49"|"9.8.9.8."|"B.M. Deck"|"49"|"1"|"3,4"|"0"|"0"|
"50"|"8.7.8.7."|"J.N. Darby"|"66"|"22"|"1,2"|"0"|"0"|
"51"|"7.6.7.6."|"J.N. Darby"|"49"|"3"|"19"|"0"|"0"|
"52"|"7.6.7.6.7.6.7.6."|"P. van den Berg, fr. Dutch"|"49"|"1"|"11"|"0"|"0"|
"53"|"9.8.9.8."|"G. Cowie"|"45"|"1"|"9"|"0"|"0"|
"54"|"C.M."|"J. Newton"|"40"|"20"|"30"|"0"|"0"|
"55"|"S.M."|"P. Gerhardt (1607-1667), fr. German"|"19"|"107"|"25-30"|"19"|"66"|"12"
"56"|"7.6.7.6.7.6.7.6."|"Miss M. Bowly"|"43"|"17"|"24-26"|"45"|"8"|"25"
"57"|"C.M."|"E.L. Bevir"|"66"|"5"|"8-14"|"58"|"1"|"3"
"58"|"L.M."|"J. G. Deck"|"46"|"6"|"20"|"43"|"17"|"10"
"59"|"6.6.8.4."|"Miss L. Barnett"|"43"|"3"|"16"|"49"|"2"|"4"
"60"|"6.6.6.5.6.6.6.5."|"E. Rubie"|"60"|"1"|"3"|"60"|"1"|"3"
"61"|"10.10.10.10."|"F.D. Waterfall"|"2"|"3"|"14"|"0"|"0"|
"62"|"6.4.6.4.6.6.6.4."|"A.P. Bodman"|"49"|"3"|"9-11"|"0"|"0"|
"63"|"8.8.6.8.8.6."|"E.C. Burr"|"49"|"5"|"20"|"0"|"0"|
"64"|"S.M."|"J.N. Darby"|"66"|"21"|"22-25"|"0"|"0"|
"65"|"8.7.8.7."|"A.E. West"|"58"|"12"|"22"|"0"|"0"|
"66"|"7.6.7.6.7.6.7.6."|"Miss C. Thompson (1822-1909)"|"49"|"1"|"3-5"|"0"|"0"|
"67"|"7.6.7.6.7.6.7.6."|"A. Carruthers"|"49"|"1"|"3"|"0"|"0"|
"68"|"8.8.8.8.8.8."|"E.L. Bevir"|"50"|"2"|"5-8"|"0"|"0"|
"69"|"S.M."|"G.W. Fraser (1840-1896)"|"42"|"10"|"39,42"|"0"|"0"|
"70"|"6.4.6.4.6.6.6.4."|"G.W. Fraser"|"42"|"14"|"15-17"|"0"|"0"|
"71"|"8.7.8.7.8.7.8.7."|"J. Revell (d. 1900)"|"51"|"3"|"16"|"0"|"0"|
"72"|"S.M."|"J.N. Darby"|"43"|"17"|"26"|"0"|"0"|
"73"|"10.10.10.10."|"J.N. Darby"|"45"|"5"|"15-17"|"0"|"0"|
"74"|"S.M."|"J.N. Darby"|"58"|"12"|"22"|"0"|"0"|
"75"|"10.4.10.4.10.10."|"J. Lawrence"|"19"|"72"|"6-8"|"0"|"0"|
"76"|"8.7.8.7."|"J.N. Darby"|"19"|"105"|"43-45"|"0"|"0"|
"77"|"8.7.8.7.8.7.8.7."|"Adapted"|"44"|"5"|"20"|"0"|"0"|
"78"|"7.6.7.6.7.6.7.6."|"G. Gilpin"|"60"|"5"|"10"|"0"|"0"|
"79"|"S.M."|"J.N. Darby"|"0"|"0"||"0"|"0"|
"80"|"7.6.7.6.7.6.7.6."|"S. McCallum"|"0"|"0"||"0"|"0"|
"81"|"C.M."|"J.N. Darby"|"0"|"0"||"0"|"0"|
"82"|"7.6.7.6.7.6.7.6."|"P.W. Dolton"|"0"|"0"||"0"|"0"|
"83"|"8.7.8.7."|"H.P. Wells"|"0"|"0"||"0"|"0"|
"84"|"10.10.10.10."|"T. Willey"|"0"|"0"||"0"|"0"|
"85"|"8.8.11.8."|"J.N. Darby"|"0"|"0"||"0"|"0"|
"86"|"8.4.8.4.8.8.8.4."|"Miss M. Bowley"|"0"|"0"||"0"|"0"|
"87"|"L.M."|"J.N. Darby"|"0"|"0"||"0"|"0"|
"88"|"L.M."|"J.N. Darby"|"0"|"0"||"0"|"0"|
"89"|"7.6.7.6.7.6.7.6."|"A.H. Griffiths"|"0"|"0"||"0"|"0"|
"90"|"10.10.10.10."|"A. Becker, fr. German"|"0"|"0"||"0"|"0"|
"91"|"6.4.6.4.6.6.6.4."|"A.P. Bodman"|"0"|"0"||"0"|"0"|
"92"|"S.M."|"G.V. Wigram"|"0"|"0"||"0"|"0"|
"93"|"C.M."|"E. Denny (1796-1889)"|"0"|"0"||"0"|"0"|
"94"|"C.M."|"H. Allen"|"0"|"0"||"0"|"0"|
"95"|"10.10.10.10."|"J. Molines, fr. French"|"0"|"0"||"0"|"0"|
"96"|"10.4.10.4.10.10."|"J. Clark"|"0"|"0"||"0"|"0"|
"97"|"C.M."|"A.H. Griffiths"|"0"|"0"||"0"|"0"|
"98"|"L.M."|"J.W. Parry"|"0"|"0"||"0"|"0"|
"99"|"10.10.10.10."|"Mrs. A.M. Hayward"|"0"|"0"||"0"|"0"|
"100"|"12.13.12.10."|"J.H. Earnes"|"0"|"0"||"0"|"0"|
"101"|"S.M."|"Mrs. K.G. Teiffel"|"0"|"0"||"0"|"0"|
"102"|"10.10.10.10."|"F.H. Parrot, fr. French"|"0"|"0"||"0"|"0"|
"103"|"8.8.8.8."|"T. Kelly* (1769-1855)"|"0"|"0"||"0"|"0"|
"104"|"8.7.8.7.8.7.7."|"P.F. Hiller (1699-1769), fr. German"|"0"|"0"||"0"|"0"|
"105"|"8.7.8.7.4.7."|"T. Kelly"|"0"|"0"||"0"|"0"|
"106"|"C.M."|"J.N. Grace"|"0"|"0"||"0"|"0"|
"107"|"L.M."|"S. Medley (1738-1799)"|"0"|"0"||"0"|"0"|
"108"|"L.M."|"W.B. Harris"|"0"|"0"||"0"|"0"|
"109"|"6.6.6.6.8.8."|"R.G. Fear"|"0"|"0"||"0"|"0"|
"110"|"11.10.11.10. Dactylic"|"G.H. Brown"|"0"|"0"||"0"|"0"|
"111"|"8.7.8.7."|"From French"|"0"|"0"||"0"|"0"|
"112"|"8.7.8.7."|"A.P. Cecil (1841-1889)"|"0"|"0"||"0"|"0"|
"113"|"11.10.11.10."|"A.P. Gipps"|"0"|"0"||"0"|"0"|
"114"|"C.M."|"J.N. Darby"|"0"|"0"||"0"|"0"|
"115"|"S.M."|"T. Kelly"|"0"|"0"||"0"|"0"|
"116"|"L.M."|"Mrs. A.M. Fennell"|"0"|"0"||"0"|"0"|
"117"|"8.7.8.7.8.7.8.7."|"A.G. Doughty"|"0"|"0"||"0"|"0"|
"118"|"8.5.8.5."|"J.F. Garland"|"0"|"0"||"0"|"0"|
"119"|"10.10.10.10."|"Miss N. Vergette"|"0"|"0"||"0"|"0"|
"120"|"L.M."|"J.N. Darby"|"0"|"0"||"0"|"0"|
"121"|"8.7.8.7.8.7.8.7."|"E. Petersson, fr. Swedish"|"0"|"0"||"0"|"0"|
"122"|"8.7.8.7. Dactylic Chorus 5.7.8.7."|"H. Wreford"|"0"|"0"||"0"|"0"|
"123"|"10.4.10.4.10.10."|"A.J. Wigginton"|"0"|"0"||"0"|"0"|
"124"|"C.M."|"Miss A.E. Price (1838-1919)"|"0"|"0"||"0"|"0"|
"125"|"8.7.8.7.8.7.8.7."|"D.T. Holding"|"0"|"0"||"0"|"0"|
"126"|"8.6.8.6.8.8."|"From French"|"0"|"0"||"0"|"0"|
"127"|"8.5.8.5."|"E. Williams"|"0"|"0"||"0"|"0"|
"128"|"8.6.8.6.8.8."|"J. Earl"|"0"|"0"||"0"|"0"|
"129"|"11.10.11.10. Dactylic"|"A.P. Bodman"|"0"|"0"||"0"|"0"|
"130"|"8.8.8.8.6."|"S. McCallum"|"0"|"0"||"0"|"0"|
"131"|"9.8.9.8.9.8.9.8."|"D. Otsing, fr. Russian"|"0"|"0"||"0"|"0"|
"132"|"S.M."|"Miss F.T. Wigram (1831-1871)"|"0"|"0"||"0"|"0"|
"133"|"8.7.8.7.8.7.8.7."|"G.H.S. Price"|"0"|"0"||"0"|"0"|
"134"|"7.6.7.6.7.6.7.6."|"J. Earl"|"0"|"0"||"0"|"0"|
"135"|"8.5.8.3."|"I. Fleming"|"0"|"0"||"0"|"0"|
"136"|"8.7.8.7.8.7.8.7."|"T. Willey"|"0"|"0"||"0"|"0"|
"137"|"10.10.10.10."|"J.N. Darby"|"0"|"0"||"0"|"0"|
"138"|"L.M."|"J.N. Darby"|"0"|"0"||"0"|"0"|
"139"|"9.9.9.9."|"J.N. Darby"|"0"|"0"||"0"|"0"|
"140"|"7.6.7.6.7.6.7.6."|"G.W. Fraser"|"0"|"0"||"0"|"0"|
"141"|"8.7.8.7."|"E. Carr&egrave;n, fr. Swedish"|"0"|"0"||"0"|"0"|
"142"|"C.M."|"Miss M. Bowly"|"0"|"0"||"0"|"0"|
"143"|"10.10.10.10."|"J. Pellatt"|"0"|"0"||"0"|"0"|
"144"|"C.M.D."|"J. Pellatt"|"0"|"0"||"0"|"0"|
"145"|"C.M.D."|"W. Trotter (d. 1865)"|"0"|"0"||"0"|"0"|
"146"|"L.M."|"J. Pellatt"|"0"|"0"||"0"|"0"|
"147"|"7.7.7.7."|"G.J. Abernethie"|"0"|"0"||"0"|"0"|
"148"|"9.8.9.8."|"G.H. Brown"|"0"|"0"||"0"|"0"|
"149"|"7.6.7.6.7.6.7.6."|"J.G. Deck"|"0"|"0"||"0"|"0"|
"150"|"C.M.D."|"J. Revell"|"0"|"0"||"0"|"0"|
"151"|"C.M."|"J.G. Deck"|"0"|"0"||"0"|"0"|
"152"|"6.4.6.4.6.6.6.4."|"L.G. Milner"|"0"|"0"||"0"|"0"|
"153"|"C.M."|"Unknown"|"0"|"0"||"0"|"0"|
"154"|"8.7.8.7.8.7.8.7."|"Miss A.S. Ormsby"|"0"|"0"||"0"|"0"|
"155"|"6.6.6.6.8.8."|"Miss A. Taylor (1782-1866)"|"0"|"0"||"0"|"0"|
"156"|"8.5.8.5.8.5.8.5."|"H.D'A. Champney"|"0"|"0"||"0"|"0"|
"157"|"6.6.6.6.8.8."|"M.W. Biggs"|"0"|"0"||"0"|"0"|
"158"|"L.M."|"P. Lyon"|"0"|"0"||"0"|"0"|
"159"|"C.M."|"R.H. Grace"|"0"|"0"||"0"|"0"|
"160"|"6.4.6.4."|"J.N. Darby"|"0"|"0"||"0"|"0"|
"161"|"8.7.8.7."|"C.A. Coates"|"0"|"0"||"0"|"0"|
"162"|"8.7.8.7."|"H.J. Middleton"|"0"|"0"||"0"|"0"|
"163"|"8.7.8.7.8.7.8.7."|"J. Pellatt"|"0"|"0"||"0"|"0"|
"164"|"11.10.11.10. Dactylic"|"D.T. Holding"|"0"|"0"||"0"|"0"|
"165"|"S.M."|"Miss H.K. Burlingham*"|"0"|"0"||"0"|"0"|
"166"|"10.10.10.10."|"W. Lawrence"|"0"|"0"||"0"|"0"|
"167"|"8.5.8.3."|"J.G. Small (1817-1888)"|"0"|"0"||"0"|"0"|
"168"|"7.6.7.6.7.6.7.6."|"A.H. Griffeths"|"0"|"0"||"0"|"0"|
"169"|"10.10.10.10. Dactylic"|"A. Midlane (1825-1909)"|"0"|"0"||"0"|"0"|
"170"|"8.7.8.7."|"P.H. Hardwick"|"0"|"0"||"0"|"0"|
"171"|"C.M."|"S.M. Watson"|"0"|"0"||"0"|"0"|
"172"|"C.M."|"J. Hutton (1715-1795)"|"0"|"0"||"0"|"0"|
"173"|"10.10.10.10."|"F.D. Waterfall"|"0"|"0"||"0"|"0"|
"174"|"S.M."|"C.A. Bernstein (1672-1699)"|"0"|"0"||"0"|"0"|
"175"|"11.11.11.11. Trochaic"|"Miss H.K. Burlingham"|"0"|"0"||"0"|"0"|
"176"|"8.7.8.7.8.7.8.7."|"From German"|"0"|"0"||"0"|"0"|
"177"|"C.M."|"W.R. Mason"|"0"|"0"||"0"|"0"|
"178"|"C.M."|"J.N. Darby"|"0"|"0"||"0"|"0"|
"179"|"L.M."|"J. Taylor, 3rd."|"0"|"0"||"0"|"0"|
"180"|"8.8.6.8.8.6."|"T. Porter"|"0"|"0"||"0"|"0"|
"181"|"8.7.8.7.8.7.8.7."|"E. Williams"|"0"|"0"||"0"|"0"|
"182"|"8.8.4.8.8.4."|"Mrs. D. Pallister"|"0"|"0"||"0"|"0"|
"183"|"6.4.6.4."|"G.H.S. Price"|"0"|"0"||"0"|"0"|
"184"|"8.7.8.5."|"Mrs. J.S. Pigott*"|"0"|"0"||"0"|"0"|
"185"|"9.8.9.8."|"W.P. Smith"|"0"|"0"||"0"|"0"|
"186"|"8.7.8.7."|"J.C. Tozer"|"0"|"0"||"0"|"0"|
"187"|"8.7.8.7.8.7.8.7. Iambic"|"J.G. Small (1817-1888)"|"0"|"0"||"0"|"0"|
"188"|"7.6.7.6."|"J.N. Darby"|"0"|"0"||"0"|"0"|
"189"|"7.6.7.6."|"J.N. Darby"|"0"|"0"||"0"|"0"|
"190"|"7.6.7.6."|"J.N. Darby"|"0"|"0"||"0"|"0"|
"191"|"7.7.7.7."|"J. Montgomery*"|"0"|"0"||"0"|"0"|
"192"|"8.8.6.8.8.6."|"Miss F.J. Elwood"|"0"|"0"||"0"|"0"|
"193"|"C.M."|"N.B. Stewart"|"0"|"0"||"0"|"0"|
"194"|"11.11.11.11."|"T. Kelly"|"0"|"0"||"0"|"0"|
"195"|"L.M."|"Miss F.T. Wigram"|"0"|"0"||"0"|"0"|
"196"|"S.M."|"A. Midlane"|"0"|"0"||"0"|"0"|
"197"|"10.10.10.10."|"E.G. Green"|"0"|"0"||"0"|"0"|
"198"|"9.8.9.8.9.8.9.8."|"L.J. Gilmore"|"0"|"0"||"0"|"0"|
"199"|"C.M."|"C.C. Elliot"|"0"|"0"||"0"|"0"|
"200"|"7.6.7.6."|"J.N. Darby"|"0"|"0"||"0"|"0"|
"201"|"S.M."|"A.P. Cecil"|"0"|"0"||"0"|"0"|
"202"|"11.10.11.10.9.11."|"H.D'A. Champney"|"0"|"0"||"0"|"0"|
"203"|"10.10.10.10."|"A.O.R. Labett"|"0"|"0"||"0"|"0"|
"204"|"8.7.8.7."|"D.L. Stewart"|"0"|"0"||"0"|"0"|
"205"|"6.6.8.4."|"Anonymous"|"0"|"0"||"0"|"0"|
"206"|"8.7.8.7."|"J.N. Darby"|"0"|"0"||"0"|"0"|
"207"|"10.10.10.10."|"Miss J.E. Gresswell"|"0"|"0"||"0"|"0"|
"208"|"8.7.8.7.4.7."|"J.Hart"|"0"|"0"||"0"|"0"|
"209"|"10.10.10.10."|"Miss J.E. Gresswell"|"0"|"0"||"0"|"0"|
"210"|"S.M."|"W.F. Lloyd (1791-1853)"|"0"|"0"||"0"|"0"|
"211"|"8.7.8.7.8.7.8.7."|"G. Gustafsson, fr. Swedish"|"0"|"0"||"0"|"0"|
"212"|"8.7.8.7.8.7.8.7.7.7."|"R.D. Edwards"|"0"|"0"||"0"|"0"|
"213"|"10.10.10.10."|"J.G. Deck"|"0"|"0"||"0"|"0"|
"214"|"7.6.7.6."|"D.T. Holding"|"0"|"0"||"0"|"0"|
"215"|"C.M."|"E. Denny"|"0"|"0"||"0"|"0"|
"216"|"L.M."|"J.G. Deck"|"0"|"0"||"0"|"0"|
"217"|"9.9.6.6.6.4."|"Annonymous"|"0"|"0"||"0"|"0"|
"218"|"10.4.10.4.10.10."|"D.G. Samuels"|"0"|"0"||"0"|"0"|
"219"|"8.7.8.7.8.7.8.7."|"A.W.G. Turner"|"0"|"0"||"0"|"0"|
"220"|"7.6.7.6.7.6.7.6."|"Miss F.R. Havergal"|"0"|"0"||"0"|"0"|
"221"|"7.6.7.6.7.6.7.6."|"S. McCallum"|"0"|"0"||"0"|"0"|
"222"|"8.7.8.7."|"D. Lindberg, fr. Swedish"|"0"|"0"||"0"|"0"|
"223"|"7.6.7.6.7.6.7.6."|"D.H. Aris"|"0"|"0"||"0"|"0"|
"224"|"8.8.6.8.8.6."|"T. Kelly"|"0"|"0"||"0"|"0"|
"225"|"S.M."|"T. Porter"|"0"|"0"||"0"|"0"|
"226"|"10.10.10.10."|"H.F. Nunnerley"|"0"|"0"||"0"|"0"|
"227"|"6.6.6.6.8.8."|"Mrs. H.B. Burr"|"0"|"0"||"0"|"0"|
"228"|"S.M.D."|"From French"|"0"|"0"||"0"|"0"|
"229"|"10.10.10.10."|"H.D'A. Champney"|"0"|"0"||"0"|"0"|
"230"|"C.M."|"J.G. Deck"|"0"|"0"||"0"|"0"|
"231"|"7.7.7.7."|"C.C. Elliot"|"0"|"0"||"0"|"0"|
"232"|"10.4.10.4.10.10."|"S. McCallum"|"0"|"0"||"0"|"0"|
"233"|"L.M."|"T. Kelly"|"0"|"0"||"0"|"0"|
"234"|"10.10.10.10."|"C. M&uuml;ller, fr. German"|"0"|"0"||"0"|"0"|
"235"|"S.M."|"J.N. Darby"|"0"|"0"||"0"|"0"|
"236"|"6.4.6.4."|"Miss A. Naesseth"|"0"|"0"||"0"|"0"|
"237"|"C.M."|"P.S. Pugh"|"0"|"0"||"0"|"0"|
"238"|"11.8.11.9."|"H.G. Spafford"|"0"|"0"||"0"|"0"|
"239"|"6.6.6.6.8.8."|"A.E. Mayo"|"0"|"0"||"0"|"0"|
"240"|"6.6.6.6.8.8."|"A. Midlane"|"0"|"0"||"0"|"0"|
"241"|"8.6.8.4."|"H.D'A. Champney"|"0"|"0"||"0"|"0"|
"242"|"10.10.10.10."|"W.R. Mason"|"0"|"0"||"0"|"0"|
"243"|"11.11.11.11."|"R.D. Edwards"|"0"|"0"||"0"|"0"|
"244"|"C.M."|"J.N. Darby"|"0"|"0"||"0"|"0"|
"245"|"6.6.8.6.6.8."|"I. Flemming"|"0"|"0"||"0"|"0"|
"246"|"7.6.7.6.7.6.7.6."|"C. Deayton"|"0"|"0"||"0"|"0"|
"247"|"10.10.10.10."|"J.N. Darby"|"0"|"0"||"0"|"0"|
"248"|"C.M.D."|"H. Bonar (1808-1889)"|"0"|"0"||"0"|"0"|
"249"|"10.10.10.10."|"J.N. Darby"|"0"|"0"||"0"|"0"|
"250"|"10.10.10.10."|"E.H. Chater"|"0"|"0"||"0"|"0"|
"251"|"C.M."|"T.E. Purdom"|"0"|"0"||"0"|"0"|
"252"|"10.10.10.10."|"H.D'A. Champney"|"0"|"0"||"0"|"0"|
"253"|"8.7.8.7."|"H.P. Wells"|"0"|"0"||"0"|"0"|
"254"|"10.10.10.10."|"J.N. Darby"|"0"|"0"||"0"|"0"|
"255"|"10.10.10.10."|"S. Chareyr&egrave;, fr. French"|"0"|"0"||"0"|"0"|
"256"|"7.6.7.6.7.6.7.6."|"J.G. Deck"|"0"|"0"||"0"|"0"|
"257"|"11.11.11.11."|"G.H.S. Price"|"0"|"0"||"0"|"0"|
"258"|"8.8.6.8.8.6."|"C.M. Menzies"|"0"|"0"||"0"|"0"|
"259"|"7.6.7.6.7.6.7.6."|"M.W. Biggs"|"0"|"0"||"0"|"0"|
"260"|"8.7.8.7.8.7.8.7."|"H.J. Middleton"|"0"|"0"||"0"|"0"|
"261"|"8.8.8.8.6."|"S. McCallum"|"0"|"0"||"0"|"0"|
"262"|"8.8.8.8.8.8."|"S. Davies (1723-1761)"|"0"|"0"||"0"|"0"|
"263"|"7.6.7.6.7.6.7.6."|"M. W. Biggs"|"0"|"0"||"0"|"0"|
"264"|"10.10.10.10."|"H.D'A. Champney"|"0"|"0"||"0"|"0"|
"265"|"7.6.7.6.7.6.7.6."|"G.W. Fraser"|"0"|"0"||"0"|"0"|
"266"|"8.7.8.7."|"A. Midlane"|"0"|"0"||"0"|"0"|
"267"|"8.7.8.7.8.7.8.7."|"W.R. Mason"|"0"|"0"||"0"|"0"|
"268"|"6.4.6.4.6.6.6.4."|"L.G. Milner"|"0"|"0"||"0"|"0"|
"269"|"8.7.8.7."|"W.M. Brown"|"0"|"0"||"0"|"0"|
"270"|"S.M."|"J.N. Darby"|"0"|"0"||"0"|"0"|
"271"|"C.M."|"J.N. Darby"|"0"|"0"||"0"|"0"|
"272"|"L.M."|"I. Watts (1674-1748)"|"0"|"0"||"0"|"0"|
"273"|"11.11.11.11."|"L.H. Farrell"|"0"|"0"||"0"|"0"|
"274"|"4.6.8.8.4."|"Mrs. A. Dent"|"0"|"0"||"0"|"0"|
"275"|"10.10.10.10."|"E.H. Chater"|"0"|"0"||"0"|"0"|
"276"|"8.8.8.8.4.4.6."|"E.H. Chater"|"0"|"0"||"0"|"0"|
"277"|"8.7.8.7."|"E.H. Chater"|"0"|"0"||"0"|"0"|
"278"|"C.M."|"J.G. Deck"|"0"|"0"||"0"|"0"|
"279"|"C.M."|"Bernard of Clairvaux (1091-1153)"|"0"|"0"||"0"|"0"|
"280"|"10.10.10.10."|"W.R. Mason"|"0"|"0"||"0"|"0"|
"281"|"L.M."|"J.G. Deck *"|"0"|"0"||"0"|"0"|
"282"|"7.6.7.6.7.6.7.6."|"E.H. Chater"|"0"|"0"||"0"|"0"|
"283"|"10.10.10.10."|"W.C. Powell"|"0"|"0"||"0"|"0"|
"284"|"10.10.10.10."|"Mrs, M. Carlsson-Carr&eacute;n, fr. Swedish"|"0"|"0"||"0"|"0"|
"285"|"C.M."|"R.H. Grace"|"0"|"0"||"0"|"0"|
"286"|"8.8.6.8.8.6."|"G.W. Fraser"|"0"|"0"||"0"|"0"|
"287"|"6.6.6.6.8.8."|"C. Wesley* (1708-1788)"|"0"|"0"||"0"|"0"|
"288"|"L.M."|"From French"|"0"|"0"||"0"|"0"|
"289"|"L.M."|"N.L. Zinzendorf (1700-1760), fr. German"|"0"|"0"||"0"|"0"|
"290"|"7.6.7.6.7.6.7.6."|"R.D. Edwards*"|"0"|"0"||"0"|"0"|
"291"|"8.7.8.7.4.7."|"C. Wesley*"|"0"|"0"||"0"|"0"|
"292"|"8.6.8.6.8.8."|"W.R. Mason"|"0"|"0"||"0"|"0"|
"293"|"10.10.10.10."|"C.A. Coates"|"0"|"0"||"0"|"0"|
"294"|"C.M."|"N.B. Stewart"|"0"|"0"||"0"|"0"|
"295"|"8.5.8.3."|"D. O'Prey"|"0"|"0"||"0"|"0"|
"296"|"10.10.10.10."|"E.H. Chater"|"0"|"0"||"0"|"0"|
"297"|"8.7.8.7."|"H.J. Miles"|"0"|"0"||"0"|"0"|
"298"|"8.7.8.7."|"M.W. Biggs"|"0"|"0"||"0"|"0"|
"299"|"L.M."|"Mrs. M. Carlsson-Carr&eacute;n, fr. Swedish"|"0"|"0"||"0"|"0"|
"300"|"10.10.10.10."|"Miss H.M. Raikes"|"0"|"0"||"0"|"0"|
"301"|"7.6.7.6."|"A.C.S. Price"|"0"|"0"||"0"|"0"|
"302"|"8.7.8.7."|"Miss C. Thompson"|"0"|"0"||"0"|"0"|
"303"|"S.M."|"G.V. Wigram"|"0"|"0"||"0"|"0"|
"304"|"8.7.8.7.4.4.7. Iambic"|"G.C. Pierse"|"0"|"0"||"0"|"0"|
"305"|"8.7.8.7.8.7.7."|"J. Jay"|"0"|"0"||"0"|"0"|
"306"|"7.6.7.6."|"C. Deayton"|"0"|"0"||"0"|"0"|
"307"|"C.M."|"W. Cowper"|"0"|"0"||"0"|"0"|
"308"|"6.6.6.6.8.8."|"J. Swain (1761-1796)"|"0"|"0"||"0"|"0"|
"309"|"C.M."|"W.M. Brown"|"0"|"0"||"0"|"0"|
"310"|"C.M."|"A.F.G. Ward"|"0"|"0"||"0"|"0"|
"311"|"14.14.4.7.8."|"R. Arras, fr. German"|"0"|"0"||"0"|"0"|
"312"|"10.10.10.10."|"H.D'A. Champney"|"0"|"0"||"0"|"0"|
"313"|"8.8.4.8.8.4."|"Miss S.M. Walker"|"0"|"0"||"0"|"0"|
"314"|"10.10.10.10."|"Mrs. S. Hedman, fr. Swedish"|"0"|"0"||"0"|"0"|
"315"|"8.7.8.7.7.7."|"R. Stott"|"0"|"0"||"0"|"0"|
"316"|"S.M."|"A. Steven"|"0"|"0"||"0"|"0"|
"317"|"C.M."|"E. Denny"|"0"|"0"||"0"|"0"|
"318"|"10.10.10.10."|"F.H. Parrot, fr. French"|"0"|"0"||"0"|"0"|
"319"|"8.7.8.7.8.7.8.7."|"J.E. Mutton"|"0"|"0"||"0"|"0"|
"320"|"10.10.10.10."|"From French"|"0"|"0"||"0"|"0"|
"321"|"8.5.8.3."|"J.K. Pollock"|"0"|"0"||"0"|"0"|
"322"|"L.M."|"E. Carr&egrave;n, fr. French"|"0"|"0"||"0"|"0"|
"323"|"8.8.6.8.8.6."|"E.H. Chater"|"0"|"0"||"0"|"0"|
"324"|"11.11.11.11."|"R.D. Edwards"|"0"|"0"||"0"|"0"|
"325"|"6.6.6.5.6.6.6.5."|"J. Brewer"|"0"|"0"||"0"|"0"|
"326"|"C.M."|"J. Watson"|"0"|"0"||"0"|"0"|
"327"|"7.6.7.6.7.6.7.6."|"C.T. Lambert"|"0"|"0"||"0"|"0"|
"328"|"8.8.8.8.8.8."|"C. Wesley (v.3 G.W. Fraser)"|"0"|"0"||"0"|"0"|
"329"|"C.M."|"G.V. Wigram"|"0"|"0"||"0"|"0"|
"330"|"8.7.8.7."|"V.C. Lock"|"0"|"0"||"0"|"0"|
"331"|"10.10.10.10."|"J.K. Pollock"|"0"|"0"||"0"|"0"|
"332"|"7.6.7.6.7.6.7.6."|"C. Deayton"|"0"|"0"||"0"|"0"|
"333"|"10.4.10.4.10.10."|"Mrs. C.A. Markham"|"0"|"0"||"0"|"0"|
"334"|"10.10.10.10."|"E.H. Chater"|"0"|"0"||"0"|"0"|
"335"|"8.7.8.7."|"E.H. Chater"|"0"|"0"||"0"|"0"|
"336"|"L.M."|"H.D'A. Champney"|"0"|"0"||"0"|"0"|
"337"|"C.M."|"E.C. Burr"|"0"|"0"||"0"|"0"|
"338"|"C.M."|"G. Gustafsson, fr. Swedish"|"0"|"0"||"0"|"0"|
"339"|"8.8.8.8.8.8."|"G. Gustafsson, fr. Swedish"|"0"|"0"||"0"|"0"|
"340"|"8.8.8.8.8.8."|"A.W. Roach"|"0"|"0"||"0"|"0"|
"341"|"C.M."|"J. Stennett* (1663-1713)"|"0"|"0"||"0"|"0"|
"342"|"8.8.8.8.8.8."|"E.H. Chater"|"0"|"0"||"0"|"0"|
"343"|"8.8.8.8.8.8."|"J.G. Deck"|"0"|"0"||"0"|"0"|
"344"|"8.5.8.3."|"H. Wreford"|"0"|"0"||"0"|"0"|
"345"|"L.M."|"Miss E.C. Shanks"|"0"|"0"||"0"|"0"|
"346"|"7.6.7.6."|"E.R. Patchett"|"0"|"0"||"0"|"0"|
"347"|"8.8.6.8.8.6."|"Miss F.J. Elwood"|"0"|"0"||"0"|"0"|
"348"|"7.6.7.6.7.6.7.6."|"W.H. Trowbridge"|"0"|"0"||"0"|"0"|
"349"|"S.M."|"H. Bonar"|"0"|"0"||"0"|"0"|
"350"|"L.M."|"J. Taylor"|"0"|"0"||"0"|"0"|
"351"|"8.7.8.7."|"J.C. Tozer"|"0"|"0"||"0"|"0"|
"352"|"7.6.7.6."|"F.D. Waterfall"|"0"|"0"||"0"|"0"|
"353"|"8.8.8.8.8.8."|"J. Swain"|"0"|"0"||"0"|"0"|
"354"|"8.8.8.8."|"A. Midlane*"|"0"|"0"||"0"|"0"|
"355"|"7.6.7.6.7.6.7.6."|"Miss E. Clewley"|"0"|"0"||"0"|"0"|
"356"|"8.7.8.7.8.7.8.7. Iambic"|"D.T. Holding"|"0"|"0"||"0"|"0"|
"357"|"L.M."|"A. Midlane"|"0"|"0"||"0"|"0"|
"358"|"C.M.D."|"A.J.H. Brown"|"0"|"0"||"0"|"0"|
"359"|"8.7.8.7.8.7.8.7."|"W. Lewis, fr. Spanish"|"0"|"0"||"0"|"0"|
"360"|"7.6.7.6.7.6.7.6."|"Adapted"|"0"|"0"||"0"|"0"|
"361"|"6.4.6.4.6.6.6.4."|"Mrs. H.A. Berg"|"0"|"0"||"0"|"0"|
"362"|"C.M."|"W.M. Brown"|"0"|"0"||"0"|"0"|
"363"|"7.6.7.6.7.6.7.6."|"Anonymous"|"0"|"0"||"0"|"0"|
"364"|"8.7.8.7.7.7."|"E. Carr&egrave;n, fr. Swedish"|"0"|"0"||"0"|"0"|
"365"|"10.10.10.10."|"Mrs. S.A. Haughton"|"0"|"0"||"0"|"0"|
"366"|"L.M."|"R. Sandeman"|"0"|"0"||"0"|"0"|
"367"|"7.6.7.6.7.6.7.6."|"A. Midlane"|"0"|"0"||"0"|"0"|
"368"|"8.8.8.8.8.8."|"P. Gerhardt, fr. German"|"0"|"0"||"0"|"0"|
"369"|"8.7.8.7."|"Mrs. L. Sadell (1832-1903), fr. Swedish"|"0"|"0"||"0"|"0"|
"370"|"10.10.10.10."|"W.R. Mason"|"0"|"0"||"0"|"0"|
"371"|"8.7.8.7."|"R. Robinson (1735-1790)"|"0"|"0"||"0"|"0"|
"372"|"C.M."|"G.H.S. Price"|"0"|"0"||"0"|"0"|
"373"|"8.5.8.3."|"E.E. Nichols"|"0"|"0"||"0"|"0"|
"374"|"8.6.8.6.8.8."|"J. Pellatt*"|"0"|"0"||"0"|"0"|
"375"|"L.M."|"Mrs. H.A. Berg"|"0"|"0"||"0"|"0"|
"376"|"7.6.7.6."|"Mrs. A.M. Fennell"|"0"|"0"||"0"|"0"|
"377"|"8.5.8.5."|"Mrs. S. Hedman, fr. Swedish"|"0"|"0"||"0"|"0"|
"378"|"8.7.8.7.8.7.8.7."|"T. Kelly"|"0"|"0"||"0"|"0"|
"379"|"10.4.10.4.10.10."|"A.B. Temple"|"0"|"0"||"0"|"0"|
"380"|"8.8.7.7."|"Mrs. P.R. Moreford"|"0"|"0"||"0"|"0"|
"381"|"S.M."|"J. LePanse, fr. French"|"0"|"0"||"0"|"0"|
"382"|"S.M."|"P. Gerhardt, fr. German"|"0"|"0"||"0"|"0"|
"383"|"10.10.10.10."|"J. Taylor, Jr."|"0"|"0"||"0"|"0"|
"384"|"C.M."|"C. Deayton"|"0"|"0"||"0"|"0"|
"385"|"8.7.8.7."|"B.M. Deck"|"0"|"0"||"0"|"0"|
"386"|"11.11.11.11. Trochaic"|"C.T. Lambert"|"0"|"0"||"0"|"0"|
"387"|"8.7.8.7."|"Mrs. G.J. Scarlett"|"0"|"0"||"0"|"0"|
"388"|"8.7.8.7.4.7."|"T. Kelly"|"0"|"0"||"0"|"0"|
"389"|"8.5.8.3."|"Miss. I. Stevenson* (1843-1890)"|"0"|"0"||"0"|"0"|
"390"|"8.7.8.7."|"A.P. Cecil"|"0"|"0"||"0"|"0"|
"391"|"8.7.8.7. Dactylic"|"T. Thorstensen"|"0"|"0"||"0"|"0"|
"392"|"C.M."|"J.C. Tozer"|"0"|"0"||"0"|"0"|
"393"|"7.6.7.6.8.8."|"R. Arras, fr. German"|"0"|"0"||"0"|"0"|
"394"|"8.7.8.7."|"J.C. Tozer"|"0"|"0"||"0"|"0"|
"395"|"7.7.8.7.7.7.8.7."|"J.G. Deck"|"0"|"0"||"0"|"0"|
"396"|"7.7.7.7.7.7."|"A.M. Toplady (1740-1778)"|"0"|"0"||"0"|"0"|
"397"|"C.M."|"T. Kelly*"|"0"|"0"||"0"|"0"|
"398"|"L.M."|"J.N. Grace"|"0"|"0"||"0"|"0"|
"399"|"L.M.D."|"J.G. Deck"|"0"|"0"||"0"|"0"|
"400"|"14.14.14.14."|"J. Pellatt"|"0"|"0"||"0"|"0"|
"401"|"10.10.10.10."|"P.G. Blanc, fr. French"|"0"|"0"||"0"|"0"|
"402"|"8.7.8.7."|"D. Robertson"|"0"|"0"||"0"|"0"|
"403"|"8.7.8.7."|"G.H. Brown"|"0"|"0"||"0"|"0"|
"404"|"8.7.8.7.4.7."|"Miss. H.K. Burlingham"|"0"|"0"||"0"|"0"|
"405"|"L.M.D."|"R. Holden, fr. Spanish"|"0"|"0"||"0"|"0"|
"406"|"10.10.10.10."|"G.H.S. Price"|"0"|"0"||"0"|"0"|
"407"|"8.8.8.8.8.8."|"G.H. Brown"|"0"|"0"||"0"|"0"|
"408"|"10.10.10.10."|"R. Peart"|"0"|"0"||"0"|"0"|
"409"|"11.10.11.10."|"G.H. Brown"|"0"|"0"||"0"|"0"|
"410"|"8.7.8.7."|"J.A. v. Poseck (1824-1896)"|"0"|"0"||"0"|"0"|
"411"|"C.M."|"J.N. Darby"|"0"|"0"||"0"|"0"|
"412"|"L.M."|"Mrs. W.T. Petersen"|"0"|"0"||"0"|"0"|
"413"|"8.8.8.8.8.8."|"J.G. Deck"|"0"|"0"||"0"|"0"|
"414"|"8.7.8.7.4.7."|"A.G. Doughty"|"0"|"0"||"0"|"0"|
"415"|"8.6.8.6.8.6."|"Mrs. A.R. Cousin* (1824-1906)"|"0"|"0"||"0"|"0"|
"416"|"8.7.8.7.8.7.8.7."|"D.T. Holding"|"0"|"0"||"0"|"0"|
"417"|"8.7.8.7.8.7.8.7."|"R.H. Grace"|"0"|"0"||"0"|"0"|
"418"|"7.6.7.6."|"E. Carr&egrave;dn, fr. Swedish"|"0"|"0"||"0"|"0"|
"419"|"5.4.5.4.5.4.5.4."|"Miss A. Ross"|"0"|"0"||"0"|"0"|
"420"|"12.13.12.10."|"S. McCallum"|"0"|"0"||"0"|"0"|
"421"|"11.10.11.10."|"Miss A. Ross"|"0"|"0"||"0"|"0"|
"422"|"8.5.8.3."|"I. Fleming"|"0"|"0"||"0"|"0"|
"423"|"10.10.10.2."|"H.D'A. Champney"|"0"|"0"||"0"|"0"|
"424"|"L.M."|"Miss J. Wickens"|"0"|"0"||"0"|"0"|
"425"|"8.8.8.8.8.8."|"N.B. Stewart"|"0"|"0"||"0"|"0"|
"426"|"7.7.7.8."|"P.P. Bliss (1838-1876)"|"0"|"0"||"0"|"0"|
"427"|"S.M."|"Miss M. Bowley*"|"0"|"0"||"0"|"0"|
"428"|"6.4.6.4.6.6.6.4."|"E. Markham"|"0"|"0"||"0"|"0"|
"429"|"10.10.10.6."|"A.J.H. Brown"|"0"|"0"||"0"|"0"|
"430"|"C.M."|"J. Pellatt"|"0"|"0"||"0"|"0"|
"431"|"C.M."|"C.A. Coates"|"0"|"0"||"0"|"0"|
"432"|"6.6.6.6.8.8."|"A.W. Roach"|"0"|"0"||"0"|"0"|
"433"|"C.M."|"F. Wompra"|"0"|"0"||"0"|"0"|
"434"|"6.6.6.6.6.6.6.6."|"Mrs. S. Hedman, fr. Swedish"|"0"|"0"||"0"|"0"|
"435"|"7.6.7.6.7.6.7.6."|"G.W. Fraser"|"0"|"0"||"0"|"0"|
"436"|"8.8.6.8.8.6."|"G.H.S. Price"|"0"|"0"||"0"|"0"|
"437"|"L.M."|"E. Denny"|"0"|"0"||"0"|"0"|
"438"|"7.7.7.7."|"Miss H.K. Burlingham"|"0"|"0"||"0"|"0"|
"439"|"10.7.10.7. Chorus 11.7.11.7."|"W. Lawrence"|"0"|"0"||"0"|"0"|
"440"|"8.8.6.8.8.6."|"G.W. Fraser"|"0"|"0"||"0"|"0"|
"441"|"7.6.7.6."|"J.C. Tozer"|"0"|"0"||"0"|"0"|
"442"|"7.6.7.6.7.6.7.6."|"W.R. Mason"|"0"|"0"||"0"|"0"|
"443"|"C.M."|"I. Watts"|"0"|"0"||"0"|"0"|
"444"|"C.M."|"J. Ryland* (1753-1825)"|"0"|"0"||"0"|"0"|
"445"|"6.6.6.6.8.8."|"T. Haweis (1734-1820)"|"0"|"0"||"0"|"0"|
"446"|"8.8.8.6."|"Miss C. Elliott (1789-1871)"|"0"|"0"||"0"|"0"|
"447"|"C.M."|"Miss M. Bowley"|"0"|"0"||"0"|"0"|
"448"|"7.7.7.7.8.8."|"T. Kelly"|"0"|"0"||"0"|"0"|
"449"|"6.6.4.6.6.6.4."|"G.R. Greeves"|"0"|"0"||"0"|"0"|
"450"|"7.6.7.6.7.6.7.6."|"G.W. Fraser"|"0"|"0"||"0"|"0"|
"451"|"C.M."|"T. Kelly"|"0"|"0"||"0"|"0"|
"452"|"8.7.8.7."|"B. Schmolk (1672-1737), fr. German"|"0"|"0"||"0"|"0"|
"453"|"7.7.7.7."|"W. Meyer, fr. German"|"0"|"0"||"0"|"0"|
"454"|"7.6.7.6."|"L.H. Railton"|"0"|"0"||"0"|"0"|
"455"|"C.M."|"F. Whitfield (1827-1904)"|"0"|"0"||"0"|"0"|
"456"|"8.7.8.7. Iambic"|"T. Rofe"|"0"|"0"||"0"|"0"|
